state,modeldate,candidate_name,pct_estimate,pct_trend_adjusted,display_average
"Arizona","7/11/2024","Kamala Harris",40.45051,40.48007,""
"Arizona","7/11/2024","Donald Trump",50.95867,50.96994,""
"Arizona","7/12/2024","Donald Trump",51.09443,51.14625,""
"Arizona","7/12/2024","Kamala Harris",40.72346,40.76524,""
"Arizona","7/13/2024","Kamala Harris",40.67457,40.71558,""
"Arizona","7/13/2024","Donald Trump",51.13715,51.18963,""
"Arizona","7/14/2024","Donald Trump",51.87904,52.13655,""
"Arizona","7/14/2024","Kamala Harris",41.45662,41.32768,""
"Arizona","7/15/2024","Kamala Harris",41.20714,41.82064,""
"Arizona","7/15/2024","Convention Bounce for Donald Trump",41.4601,41.44756,""
"Arizona","7/15/2024","Donald Trump",51.7412,52.35434,""
"Arizona","7/16/2024","Donald Trump",48.70741,49.05387,""
"Arizona","7/16/2024","Kamala Harris",40.97314,41.34953,""
"Arizona","7/16/2024","Convention Bounce for Donald Trump",41.33902,41.21753,""
"Arizona","7/17/2024","Kamala Harris",40.56276,40.93458,""
"Arizona","7/17/2024","Donald Trump",48.2574,48.53207,""
"Arizona","7/17/2024","Convention Bounce for Donald Trump",41.339,41.4291,""
"Arizona","7/18/2024","Kamala Harris",40.23481,43.0079,""
"Arizona","7/18/2024","Convention Bounce for Donald Trump",41.31916,43.1227,""
"Arizona","7/18/2024","Donald Trump",47.90098,50.65523,""
"Arizona","7/19/2024","Donald Trump",47.90098,50.65523,""
"Arizona","7/19/2024","Kamala Harris",40.23481,43.0079,""
"Arizona","7/19/2024","Convention Bounce for Donald Trump",41.31916,43.1227,""
"Arizona","7/20/2024","Kamala Harris",39.86651,41.34514,""
"Arizona","7/20/2024","Donald Trump",47.66166,49.13165,""
"Arizona","7/20/2024","Convention Bounce for Donald Trump",45.31187,46.45473,""
"Arizona","7/20/2024","Robert F. Kennedy",6.08936,6.105823,""
"Arizona","7/21/2024","Kamala Harris",39.43406,39.16681,""
"Arizona","7/21/2024","Robert F. Kennedy",6.089906,6.119396,""
"Arizona","7/21/2024","Donald Trump",47.17146,47.52103,""
"Arizona","7/21/2024","Convention Bounce for Donald Trump",45.32682,47.88629,""
"Arizona","7/22/2024","Kamala Harris",39.18185,39.99783,""
"Arizona","7/22/2024","Convention Bounce for Donald Trump",45.15905,50.39202,""
"Arizona","7/22/2024","Donald Trump",47.04996,48.33763,""
"Arizona","7/22/2024","Robert F. Kennedy",6.111646,6.116871,""
"Arizona","7/23/2024","Robert F. Kennedy",4.979795,5.092834,""
"Arizona","7/23/2024","Convention Bounce for Donald Trump",46.01846,49.03366,""
"Arizona","7/23/2024","Kamala Harris",39.81745,40.65574,""
"Arizona","7/23/2024","Donald Trump",47.67886,47.64787,""
"Arizona","7/24/2024","Robert F. Kennedy",4.600042,4.536285,""
"Arizona","7/24/2024","Donald Trump",47.14167,47.34461,""
"Arizona","7/24/2024","Convention Bounce for Donald Trump",46.43279,48.644,""
"Arizona","7/24/2024","Kamala Harris",40.40278,41.24756,""
"Arizona","7/25/2024","Convention Bounce for Donald Trump",46.43238,48.5626,""
"Arizona","7/25/2024","Donald Trump",47.08821,47.22883,""
"Arizona","7/25/2024","Robert F. Kennedy",4.597486,4.529422,""
"Arizona","7/25/2024","Kamala Harris",40.42031,41.27995,""
"Arizona","7/26/2024","Convention Bounce for Donald Trump",46.41315,48.5546,""
"Arizona","7/26/2024","Donald Trump",47.18681,47.16486,""
"Arizona","7/26/2024","Kamala Harris",40.42905,41.5705,""
"Arizona","7/26/2024","Robert F. Kennedy",4.481956,4.609521,""
"Arizona","7/27/2024","Convention Bounce for Donald Trump",46.41315,48.5546,""
"Arizona","7/27/2024","Kamala Harris",40.42905,41.5705,""
"Arizona","7/27/2024","Donald Trump",47.18681,47.16486,""
"Arizona","7/27/2024","Robert F. Kennedy",4.481956,4.609521,""
"Arizona","7/28/2024","Donald Trump",47.12526,47.45119,"yes"
"Arizona","7/28/2024","Robert F. Kennedy",4.499969,4.459425,"yes"
"Arizona","7/28/2024","Kamala Harris",40.44816,41.8259,"yes"
"Arizona","7/28/2024","Convention Bounce for Donald Trump",46.42842,48.47727,"yes"
"Florida","7/16/2024","Kamala Harris",38.17101,38.18942,""
"Florida","7/16/2024","Donald Trump",48.36107,48.34617,""
"Florida","7/16/2024","Convention Bounce for Donald Trump",41.24127,41.23722,""
"Florida","7/17/2024","Convention Bounce for Donald Trump",41.24117,41.2425,""
"Florida","7/17/2024","Donald Trump",47.673,47.65689,""
"Florida","7/17/2024","Kamala Harris",37.5547,37.57399,""
"Florida","7/18/2024","Donald Trump",47.44468,49.18011,""
"Florida","7/18/2024","Kamala Harris",37.36977,39.18277,""
"Florida","7/18/2024","Convention Bounce for Donald Trump",41.25032,42.75204,""
"Florida","7/19/2024","Convention Bounce for Donald Trump",41.25032,42.75204,""
"Florida","7/19/2024","Kamala Harris",37.36977,39.18277,""
"Florida","7/19/2024","Donald Trump",47.44468,49.18011,""
"Florida","7/20/2024","Donald Trump",47.15306,49.00682,""
"Florida","7/20/2024","Kamala Harris",37.10879,38.99049,""
"Florida","7/20/2024","Convention Bounce for Donald Trump",41.2746,42.814,""
"Florida","7/21/2024","Kamala Harris",35.76267,35.31274,""
"Florida","7/21/2024","Convention Bounce for Donald Trump",41.28881,45.08902,""
"Florida","7/21/2024","Donald Trump",45.63665,46.0944,""
"Florida","7/22/2024","Convention Bounce for Donald Trump",41.13842,48.38686,""
"Florida","7/22/2024","Donald Trump",45.48519,47.3349,""
"Florida","7/22/2024","Kamala Harris",35.64608,36.81361,""
"Florida","7/23/2024","Convention Bounce for Donald Trump",41.34254,47.74908,""
"Florida","7/23/2024","Kamala Harris",35.39164,37.10436,""
"Florida","7/23/2024","Donald Trump",45.18443,45.18637,""
"Florida","7/24/2024","Kamala Harris",36.85987,37.98156,""
"Florida","7/24/2024","Donald Trump",45.74392,46.04101,""
"Florida","7/24/2024","Convention Bounce for Donald Trump",44.57647,47.63594,""
"Florida","7/24/2024","Robert F. Kennedy",4.981977,4.98381,""
"Florida","7/25/2024","Robert F. Kennedy",4.980546,4.977578,""
"Florida","7/25/2024","Convention Bounce for Donald Trump",44.57595,47.52778,""
"Florida","7/25/2024","Kamala Harris",36.79425,37.93793,""
"Florida","7/25/2024","Donald Trump",45.67095,45.88908,""
"Florida","7/26/2024","Convention Bounce for Donald Trump",44.56053,47.53571,""
"Florida","7/26/2024","Robert F. Kennedy",4.951438,5.126861,""
"Florida","7/26/2024","Kamala Harris",36.76315,38.20562,""
"Florida","7/26/2024","Donald Trump",45.71179,45.78975,""
"Florida","7/27/2024","Kamala Harris",36.76315,38.20562,""
"Florida","7/27/2024","Donald Trump",45.71179,45.78975,""
"Florida","7/27/2024","Convention Bounce for Donald Trump",44.56053,47.53571,""
"Florida","7/27/2024","Robert F. Kennedy",4.951438,5.126861,""
"Florida","7/28/2024","Convention Bounce for Donald Trump",44.5757,47.45413,"no"
"Florida","7/28/2024","Donald Trump",45.64123,46.09635,"no"
"Florida","7/28/2024","Robert F. Kennedy",4.968818,5.004732,"no"
"Florida","7/28/2024","Kamala Harris",36.77375,38.46754,"no"
"Georgia","7/13/2024","Robert F. Kennedy",5.975662,5.999529,""
"Georgia","7/13/2024","Donald Trump",49.00723,48.99971,""
"Georgia","7/13/2024","Kamala Harris",37.99964,37.99979,""
"Georgia","7/14/2024","Donald Trump",48.98946,48.98216,""
"Georgia","7/14/2024","Robert F. Kennedy",5.975925,5.999665,""
"Georgia","7/14/2024","Kamala Harris",38.01073,38.01117,""
"Georgia","7/15/2024","Convention Bounce for Donald Trump",39.99949,40,""
"Georgia","7/15/2024","Robert F. Kennedy",7.284924,7.286891,""
"Georgia","7/15/2024","Donald Trump",47.70884,47.88481,""
"Georgia","7/15/2024","Kamala Harris",38.01017,38.13503,""
"Georgia","7/16/2024","Donald Trump",46.8192,46.86436,""
"Georgia","7/16/2024","Kamala Harris",36.84857,36.87791,""
"Georgia","7/16/2024","Robert F. Kennedy",7.285871,7.28462,""
"Georgia","7/16/2024","Convention Bounce for Donald Trump",40.67139,40.68624,""
"Georgia","7/17/2024","Donald Trump",46.4452,46.469,""
"Georgia","7/17/2024","Robert F. Kennedy",7.286208,7.197012,""
"Georgia","7/17/2024","Convention Bounce for Donald Trump",40.67135,40.81524,""
"Georgia","7/17/2024","Kamala Harris",36.51704,36.57815,""
"Georgia","7/18/2024","Kamala Harris",39.95341,41.59658,""
"Georgia","7/18/2024","Convention Bounce for Donald Trump",41.94063,43.22564,""
"Georgia","7/18/2024","Robert F. Kennedy",7.28687,7.156596,""
"Georgia","7/18/2024","Donald Trump",47.65765,49.25242,""
"Georgia","7/19/2024","Convention Bounce for Donald Trump",41.94063,43.22564,""
"Georgia","7/19/2024","Robert F. Kennedy",7.28687,7.156596,""
"Georgia","7/19/2024","Kamala Harris",39.95341,41.59658,""
"Georgia","7/19/2024","Donald Trump",47.65765,49.25242,""
"Georgia","7/20/2024","Robert F. Kennedy",7.286868,7.158107,""
"Georgia","7/20/2024","Convention Bounce for Donald Trump",41.9409,43.23891,""
"Georgia","7/20/2024","Donald Trump",47.48767,49.19698,""
"Georgia","7/20/2024","Kamala Harris",39.80107,41.5472,""
"Georgia","7/21/2024","Kamala Harris",38.55254,38.23721,""
"Georgia","7/21/2024","Convention Bounce for Donald Trump",41.94653,45.12653,""
"Georgia","7/21/2024","Robert F. Kennedy",7.280052,8.463576,""
"Georgia","7/21/2024","Donald Trump",46.10543,46.53802,""
"Georgia","7/22/2024","Kamala Harris",40.24771,41.00148,""
"Georgia","7/22/2024","Donald Trump",45.8943,46.94601,""
"Georgia","7/22/2024","Convention Bounce for Donald Trump",43.95323,47.99099,""
"Georgia","7/22/2024","Robert F. Kennedy",5.417961,5.510063,""
"Georgia","7/23/2024","Kamala Harris",41.14276,41.97426,""
"Georgia","7/23/2024","Convention Bounce for Donald Trump",45.0911,47.86159,""
"Georgia","7/23/2024","Donald Trump",46.20186,46.22545,""
"Georgia","7/23/2024","Robert F. Kennedy",4.540883,4.295633,""
"Georgia","7/24/2024","Convention Bounce for Donald Trump",45.60262,47.74734,""
"Georgia","7/24/2024","Kamala Harris",41.12642,41.96916,""
"Georgia","7/24/2024","Robert F. Kennedy",4.160872,3.813944,""
"Georgia","7/24/2024","Donald Trump",46.20426,46.43015,""
"Georgia","7/25/2024","Kamala Harris",41.11752,41.97778,""
"Georgia","7/25/2024","Robert F. Kennedy",4.160385,3.798773,""
"Georgia","7/25/2024","Donald Trump",46.16398,46.32972,""
"Georgia","7/25/2024","Convention Bounce for Donald Trump",45.60228,47.66572,""
"Georgia","7/26/2024","Robert F. Kennedy",4.098633,3.902485,""
"Georgia","7/26/2024","Donald Trump",46.2263,46.26712,""
"Georgia","7/26/2024","Convention Bounce for Donald Trump",45.58766,47.66237,""
"Georgia","7/26/2024","Kamala Harris",41.09833,42.20005,""
"Georgia","7/27/2024","Kamala Harris",41.09833,42.20005,""
"Georgia","7/27/2024","Convention Bounce for Donald Trump",45.58766,47.66237,""
"Georgia","7/27/2024","Donald Trump",46.2263,46.26712,""
"Georgia","7/27/2024","Robert F. Kennedy",4.098633,3.902485,""
"Georgia","7/28/2024","Kamala Harris",41.12057,42.42677,"yes"
"Georgia","7/28/2024","Convention Bounce for Donald Trump",45.60294,47.6017,"yes"
"Georgia","7/28/2024","Robert F. Kennedy",4.116153,3.790304,"yes"
"Georgia","7/28/2024","Donald Trump",46.16808,46.51141,"yes"
"Maine","7/25/2024","Convention Bounce for Donald Trump",47.62587,47.62063,""
"Maine","7/25/2024","Robert F. Kennedy",4.041574,3.987307,""
"Maine","7/25/2024","Donald Trump",40.00783,40.0115,""
"Maine","7/25/2024","Kamala Harris",47.98114,48.01115,""
"Maine","7/26/2024","Robert F. Kennedy",4.019886,3.994729,""
"Maine","7/26/2024","Donald Trump",40.0554,40.05599,""
"Maine","7/26/2024","Kamala Harris",47.95012,47.96656,""
"Maine","7/26/2024","Convention Bounce for Donald Trump",47.60807,47.60948,""
"Maine","7/27/2024","Donald Trump",40.0554,40.05599,""
"Maine","7/27/2024","Robert F. Kennedy",4.019886,3.994729,""
"Maine","7/27/2024","Convention Bounce for Donald Trump",47.60807,47.60948,""
"Maine","7/27/2024","Kamala Harris",47.95012,47.96656,""
"Maine","7/28/2024","Robert F. Kennedy",4.037397,4.01263,"no"
"Maine","7/28/2024","Convention Bounce for Donald Trump",47.62348,47.62474,"no"
"Maine","7/28/2024","Kamala Harris",47.98304,48.00027,"no"
"Maine","7/28/2024","Donald Trump",40.00935,40.01183,"no"
"Michigan","7/12/2024","Donald Trump",47.09526,47.14684,""
"Michigan","7/12/2024","Kamala Harris",42.70098,42.74309,""
"Michigan","7/13/2024","Kamala Harris",42.65167,42.69301,""
"Michigan","7/13/2024","Donald Trump",47.1379,47.19013,""
"Michigan","7/14/2024","Kamala Harris",43.64822,43.61887,""
"Michigan","7/14/2024","Donald Trump",48.10506,48.25835,""
"Michigan","7/15/2024","Donald Trump",47.98462,48.48022,""
"Michigan","7/15/2024","Kamala Harris",43.41258,43.85324,""
"Michigan","7/15/2024","Convention Bounce for Donald Trump",41.4601,41.44756,""
"Michigan","7/16/2024","Robert F. Kennedy",4.184746,4.167253,""
"Michigan","7/16/2024","Donald Trump",48.07756,47.94283,""
"Michigan","7/16/2024","Kamala Harris",44.3014,44.77011,""
"Michigan","7/16/2024","Convention Bounce for Donald Trump",42.05676,41.77302,""
"Michigan","7/17/2024","Donald Trump",48.00595,47.79721,""
"Michigan","7/17/2024","Robert F. Kennedy",4.184746,4.167253,""
"Michigan","7/17/2024","Kamala Harris",44.23552,44.71178,""
"Michigan","7/17/2024","Convention Bounce for Donald Trump",42.05676,41.99666,""
"Michigan","7/18/2024","Convention Bounce for Donald Trump",44.7048,45.66759,""
"Michigan","7/18/2024","Donald Trump",48.26498,49.48656,""
"Michigan","7/18/2024","Robert F. Kennedy",4.718556,4.701647,""
"Michigan","7/18/2024","Kamala Harris",42.7709,43.97924,""
"Michigan","7/19/2024","Robert F. Kennedy",4.718556,4.701647,""
"Michigan","7/19/2024","Convention Bounce for Donald Trump",44.7048,45.66759,""
"Michigan","7/19/2024","Donald Trump",48.26498,49.48656,""
"Michigan","7/19/2024","Kamala Harris",42.7709,43.97924,""
"Michigan","7/20/2024","Donald Trump",48.12201,49.44182,""
"Michigan","7/20/2024","Robert F. Kennedy",4.726708,4.709878,""
"Michigan","7/20/2024","Convention Bounce for Donald Trump",44.68973,45.67717,""
"Michigan","7/20/2024","Kamala Harris",42.62918,43.93462,""
"Michigan","7/21/2024","Kamala Harris",42.79763,42.46172,""
"Michigan","7/21/2024","Convention Bounce for Donald Trump",44.70475,47.46146,""
"Michigan","7/21/2024","Donald Trump",48.28015,48.66353,""
"Michigan","7/21/2024","Robert F. Kennedy",4.727206,5.659855,""
"Michigan","7/22/2024","Convention Bounce for Donald Trump",44.53417,50.04056,""
"Michigan","7/22/2024","Robert F. Kennedy",4.747086,5.261658,""
"Michigan","7/22/2024","Kamala Harris",42.46233,43.34616,""
"Michigan","7/22/2024","Donald Trump",48.19787,49.62029,""
"Michigan","7/23/2024","Robert F. Kennedy",4.286136,4.176838,""
"Michigan","7/23/2024","Convention Bounce for Donald Trump",46.24579,48.86966,""
"Michigan","7/23/2024","Donald Trump",46.50283,46.49779,""
"Michigan","7/23/2024","Kamala Harris",43.76972,44.49387,""
"Michigan","7/24/2024","Robert F. Kennedy",6.110421,6.013634,""
"Michigan","7/24/2024","Kamala Harris",43.00567,43.34498,""
"Michigan","7/24/2024","Convention Bounce for Donald Trump",47.44125,48.37468,""
"Michigan","7/24/2024","Donald Trump",45.11229,45.17533,""
"Michigan","7/25/2024","Convention Bounce for Donald Trump",47.44094,48.34241,""
"Michigan","7/25/2024","Robert F. Kennedy",6.108278,5.984034,""
"Michigan","7/25/2024","Donald Trump",45.09321,45.13426,""
"Michigan","7/25/2024","Kamala Harris",43.06667,43.42317,""
"Michigan","7/26/2024","Kamala Harris",43.07652,43.63826,""
"Michigan","7/26/2024","Convention Bounce for Donald Trump",47.42432,48.34507,""
"Michigan","7/26/2024","Robert F. Kennedy",5.990541,6.042295,""
"Michigan","7/26/2024","Donald Trump",45.19368,45.05505,""
"Michigan","7/27/2024","Convention Bounce for Donald Trump",47.42432,48.34507,""
"Michigan","7/27/2024","Donald Trump",45.19368,45.05505,""
"Michigan","7/27/2024","Kamala Harris",43.07652,43.63826,""
"Michigan","7/27/2024","Robert F. Kennedy",5.990541,6.042295,""
"Michigan","7/28/2024","Convention Bounce for Donald Trump",47.43964,48.29349,"yes"
"Michigan","7/28/2024","Robert F. Kennedy",6.010632,5.931975,"yes"
"Michigan","7/28/2024","Kamala Harris",43.10719,43.80761,"yes"
"Michigan","7/28/2024","Donald Trump",45.1447,45.20498,"yes"
"Minnesota","7/24/2024","Donald Trump",41.72927,41.74346,""
"Minnesota","7/24/2024","Robert F. Kennedy",6.020543,6.017322,""
"Minnesota","7/24/2024","Convention Bounce for Donald Trump",48.06245,48.09315,""
"Minnesota","7/24/2024","Kamala Harris",46.50274,46.58029,""
"Minnesota","7/25/2024","Robert F. Kennedy",6.017906,5.96538,""
"Minnesota","7/25/2024","Kamala Harris",46.5656,46.67088,""
"Minnesota","7/25/2024","Donald Trump",41.7168,41.73733,""
"Minnesota","7/25/2024","Convention Bounce for Donald Trump",48.06188,48.08702,""
"Minnesota","7/26/2024","Donald Trump",39.77893,39.63683,""
"Minnesota","7/26/2024","Kamala Harris",46.93562,47.04505,""
"Minnesota","7/26/2024","Convention Bounce for Donald Trump",47.85813,47.86197,""
"Minnesota","7/26/2024","Robert F. Kennedy",5.899347,6.009293,""
"Minnesota","7/27/2024","Robert F. Kennedy",5.899347,6.009293,""
"Minnesota","7/27/2024","Convention Bounce for Donald Trump",47.85813,47.86197,""
"Minnesota","7/27/2024","Donald Trump",39.77893,39.63683,""
"Minnesota","7/27/2024","Kamala Harris",46.93562,47.04505,""
"Minnesota","7/28/2024","Robert F. Kennedy",5.919124,5.915136,"yes"
"Minnesota","7/28/2024","Donald Trump",39.74007,39.66167,"yes"
"Minnesota","7/28/2024","Kamala Harris",46.9753,47.12977,"yes"
"Minnesota","7/28/2024","Convention Bounce for Donald Trump",47.87339,47.84708,"yes"
"National","7/1/2024","Donald Trump",43.82817,43.79381,""
"National","7/1/2024","Robert F. Kennedy",15.49245,15.49245,""
"National","7/1/2024","Kamala Harris",40.87261,40.80693,""
"National","7/2/2024","Kamala Harris",40.26164,39.82657,""
"National","7/2/2024","Donald Trump",41.85102,40.96309,""
"National","7/2/2024","Robert F. Kennedy",15.49245,15.49245,""
"National","7/3/2024","Donald Trump",42.84736,42.61656,""
"National","7/3/2024","Robert F. Kennedy",15.49245,15.49245,""
"National","7/3/2024","Kamala Harris",39.62531,39.25171,""
"National","7/4/2024","Robert F. Kennedy",15.49245,15.49245,""
"National","7/4/2024","Donald Trump",42.84736,42.61656,""
"National","7/4/2024","Kamala Harris",39.62531,39.25171,""
"National","7/5/2024","Donald Trump",42.84736,42.61656,""
"National","7/5/2024","Robert F. Kennedy",15.49245,15.49245,""
"National","7/5/2024","Kamala Harris",39.62531,39.25171,""
"National","7/6/2024","Donald Trump",40.49764,39.10233,""
"National","7/6/2024","Kamala Harris",39.12063,38.54826,""
"National","7/6/2024","Robert F. Kennedy",15.49245,15.49245,""
"National","7/7/2024","Robert F. Kennedy",15.49245,15.49245,""
"National","7/7/2024","Donald Trump",40.49764,39.10233,""
"National","7/7/2024","Kamala Harris",39.12063,38.54826,""
"National","7/8/2024","Donald Trump",42.86824,42.9995,""
"National","7/8/2024","Kamala Harris",38.5406,37.75676,""
"National","7/8/2024","Robert F. Kennedy",12.04719,12.11109,""
"National","7/9/2024","Robert F. Kennedy",12.04719,12.11109,""
"National","7/9/2024","Kamala Harris",40.64498,40.74829,""
"National","7/9/2024","Donald Trump",43.86908,44.20399,""
"National","7/10/2024","Donald Trump",44.91595,45.7212,""
"National","7/10/2024","Kamala Harris",42.90523,44.02727,""
"National","7/10/2024","Robert F. Kennedy",7.710752,6.742028,""
"National","7/11/2024","Donald Trump",45.03812,45.65835,""
"National","7/11/2024","Robert F. Kennedy",7.649155,6.688876,""
"National","7/11/2024","Kamala Harris",42.83314,43.60218,""
"National","7/12/2024","Kamala Harris",43.009,43.79057,""
"National","7/12/2024","Donald Trump",45.15102,45.78092,""
"National","7/12/2024","Robert F. Kennedy",7.521904,6.579119,""
"National","7/13/2024","Robert F. Kennedy",7.236851,6.556749,""
"National","7/13/2024","Kamala Harris",42.11699,42.51848,""
"National","7/13/2024","Donald Trump",44.98769,45.48767,""
"National","7/14/2024","Kamala Harris",41.02883,41.04888,""
"National","7/14/2024","Robert F. Kennedy",8.604995,8.747052,""
"National","7/14/2024","Donald Trump",44.33185,44.76248,""
"National","7/15/2024","Donald Trump",44.6786,45.2557,""
"National","7/15/2024","Robert F. Kennedy",8.597579,8.740075,""
"National","7/15/2024","Kamala Harris",41.97199,42.5126,""
"National","7/15/2024","Convention Bounce for Donald Trump",39.99982,40,""
"National","7/16/2024","Robert F. Kennedy",8.599587,8.712401,""
"National","7/16/2024","Convention Bounce for Donald Trump",39.99971,40.01192,""
"National","7/16/2024","Donald Trump",44.18876,44.84165,""
"National","7/16/2024","Kamala Harris",41.51507,42.11814,""
"National","7/17/2024","Donald Trump",44.30185,44.63268,""
"National","7/17/2024","Convention Bounce for Donald Trump",40.54716,40.77315,""
"National","7/17/2024","Kamala Harris",41.38443,41.77379,""
"National","7/17/2024","Robert F. Kennedy",6.813768,6.124702,""
"National","7/18/2024","Kamala Harris",44.30196,46.09139,""
"National","7/18/2024","Robert F. Kennedy",6.822543,6.092436,""
"National","7/18/2024","Donald Trump",47.05098,48.8736,""
"National","7/18/2024","Convention Bounce for Donald Trump",42.34385,43.46587,""
"National","7/19/2024","Convention Bounce for Donald Trump",42.34385,43.46587,""
"National","7/19/2024","Robert F. Kennedy",6.822543,6.092436,""
"National","7/19/2024","Donald Trump",47.05098,48.8736,""
"National","7/19/2024","Kamala Harris",44.30196,46.09139,""
"National","7/20/2024","Convention Bounce for Donald Trump",42.34104,43.48331,""
"National","7/20/2024","Donald Trump",46.78318,48.77829,""
"National","7/20/2024","Robert F. Kennedy",6.828019,6.098449,""
"National","7/20/2024","Kamala Harris",44.05425,46.00676,""
"National","7/21/2024","Kamala Harris",41.24711,41.12764,""
"National","7/21/2024","Robert F. Kennedy",8.303079,8.534587,""
"National","7/21/2024","Donald Trump",45.05603,45.55785,""
"National","7/21/2024","Convention Bounce for Donald Trump",44.5892,46.99219,""
"National","7/22/2024","Convention Bounce for Donald Trump",49.22911,50.29155,""
"National","7/22/2024","Robert F. Kennedy",7.077404,6.782904,""
"National","7/22/2024","Donald Trump",46.69929,46.84407,""
"National","7/22/2024","Kamala Harris",42.58908,42.71701,""
"National","7/23/2024","Convention Bounce for Donald Trump",49.06568,49.13439,""
"National","7/23/2024","Robert F. Kennedy",6.209408,6.118824,""
"National","7/23/2024","Kamala Harris",42.58333,42.74276,""
"National","7/23/2024","Donald Trump",44.5094,44.18847,""
"National","7/24/2024","Kamala Harris",43.1414,43.27388,""
"National","7/24/2024","Convention Bounce for Donald Trump",48.7206,48.73613,""
"National","7/24/2024","Robert F. Kennedy",5.067882,4.95175,""
"National","7/24/2024","Donald Trump",44.93728,44.78819,""
"National","7/25/2024","Kamala Harris",43.22037,43.32634,""
"National","7/25/2024","Convention Bounce for Donald Trump",48.53106,48.55684,""
"National","7/25/2024","Donald Trump",44.7194,44.60003,""
"National","7/25/2024","Robert F. Kennedy",4.951562,4.856736,""
"National","7/26/2024","Donald Trump",44.53941,44.36415,""
"National","7/26/2024","Robert F. Kennedy",4.951797,4.987402,""
"National","7/26/2024","Kamala Harris",43.61756,43.80038,""
"National","7/26/2024","Convention Bounce for Donald Trump",48.47258,48.40508,""
"National","7/27/2024","Donald Trump",44.53941,44.36415,""
"National","7/27/2024","Robert F. Kennedy",4.951797,4.987402,""
"National","7/27/2024","Convention Bounce for Donald Trump",48.47258,48.40508,""
"National","7/27/2024","Kamala Harris",43.61756,43.80038,""
"National","7/28/2024","Robert F. Kennedy",4.732955,4.664132,"yes"
"National","7/28/2024","Donald Trump",45.04921,45.03503,"yes"
"National","7/28/2024","Kamala Harris",44.04113,44.3275,"yes"
"National","7/28/2024","Convention Bounce for Donald Trump",48.37753,48.28358,"yes"
"Nevada","7/16/2024","Kamala Harris",39.16621,39.18473,""
"Nevada","7/16/2024","Convention Bounce for Donald Trump",41.24127,41.23722,""
"Nevada","7/16/2024","Donald Trump",49.0608,49.04589,""
"Nevada","7/17/2024","Convention Bounce for Donald Trump",41.24117,41.2425,""
"Nevada","7/17/2024","Donald Trump",48.37233,48.35621,""
"Nevada","7/17/2024","Kamala Harris",38.54608,38.56549,""
"Nevada","7/18/2024","Convention Bounce for Donald Trump",41.25032,42.84885,""
"Nevada","7/18/2024","Kamala Harris",38.35997,40.29868,""
"Nevada","7/18/2024","Donald Trump",48.14383,50.0502,""
"Nevada","7/19/2024","Kamala Harris",38.35997,40.29868,""
"Nevada","7/19/2024","Convention Bounce for Donald Trump",41.25032,42.84885,""
"Nevada","7/19/2024","Donald Trump",48.14383,50.0502,""
"Nevada","7/20/2024","Donald Trump",47.85197,49.85682,""
"Nevada","7/20/2024","Convention Bounce for Donald Trump",41.2746,42.99268,""
"Nevada","7/20/2024","Kamala Harris",38.09728,40.09662,""
"Nevada","7/21/2024","Donald Trump",46.3338,46.79503,""
"Nevada","7/21/2024","Convention Bounce for Donald Trump",41.28881,45.51117,""
"Nevada","7/21/2024","Kamala Harris",36.74178,36.14648,""
"Nevada","7/22/2024","Convention Bounce for Donald Trump",41.13842,49.10264,""
"Nevada","7/22/2024","Kamala Harris",36.62433,37.82924,""
"Nevada","7/22/2024","Donald Trump",46.18211,48.21346,""
"Nevada","7/23/2024","Convention Bounce for Donald Trump",41.34254,48.31624,""
"Nevada","7/23/2024","Kamala Harris",36.36798,38.15773,""
"Nevada","7/23/2024","Donald Trump",45.88089,45.86957,""
"Nevada","7/24/2024","Convention Bounce for Donald Trump",44.46425,47.7942,""
"Nevada","7/24/2024","Robert F. Kennedy",4.981977,4.98381,""
"Nevada","7/24/2024","Donald Trump",45.13456,45.45861,""
"Nevada","7/24/2024","Kamala Harris",39.17664,40.38723,""
"Nevada","7/25/2024","Donald Trump",45.05922,45.29305,""
"Nevada","7/25/2024","Convention Bounce for Donald Trump",44.46372,47.67212,""
"Nevada","7/25/2024","Kamala Harris",39.10826,40.34257,""
"Nevada","7/25/2024","Robert F. Kennedy",4.980546,4.977578,""
"Nevada","7/26/2024","Robert F. Kennedy",4.951438,5.147902,""
"Nevada","7/26/2024","Convention Bounce for Donald Trump",44.44825,47.62368,""
"Nevada","7/26/2024","Kamala Harris",39.07656,40.61216,""
"Nevada","7/26/2024","Donald Trump",45.09983,45.17833,""
"Nevada","7/27/2024","Kamala Harris",39.07656,40.61216,""
"Nevada","7/27/2024","Convention Bounce for Donald Trump",44.44825,47.62368,""
"Nevada","7/27/2024","Donald Trump",45.09983,45.17833,""
"Nevada","7/27/2024","Robert F. Kennedy",4.951438,5.147902,""
"Nevada","7/28/2024","Robert F. Kennedy",4.968818,4.999773,"no"
"Nevada","7/28/2024","Donald Trump",45.02857,45.52489,"no"
"Nevada","7/28/2024","Kamala Harris",39.08675,40.90259,"no"
"Nevada","7/28/2024","Convention Bounce for Donald Trump",44.46341,47.53189,"no"
"New Hampshire","7/22/2024","Donald Trump",41.29223,41.34426,""
"New Hampshire","7/22/2024","Kamala Harris",40.28158,40.32349,""
"New Hampshire","7/22/2024","Robert F. Kennedy",19.04148,19.04148,""
"New Hampshire","7/22/2024","Convention Bounce for Donald Trump",49.35188,50.89164,""
"New Hampshire","7/23/2024","Donald Trump",41.29482,40.35553,""
"New Hampshire","7/23/2024","Convention Bounce for Donald Trump",49.52381,50.70649,""
"New Hampshire","7/23/2024","Robert F. Kennedy",19.03632,19.10375,""
"New Hampshire","7/23/2024","Kamala Harris",40.27664,40.8649,""
"New Hampshire","7/24/2024","Donald Trump",41.3929,40.77113,""
"New Hampshire","7/24/2024","Robert F. Kennedy",18.96152,18.87469,""
"New Hampshire","7/24/2024","Kamala Harris",40.32133,40.9486,""
"New Hampshire","7/24/2024","Convention Bounce for Donald Trump",49.52381,50.44383,""
"New Hampshire","7/25/2024","Kamala Harris",48.13493,48.32215,""
"New Hampshire","7/25/2024","Robert F. Kennedy",6.007918,5.796663,""
"New Hampshire","7/25/2024","Convention Bounce for Donald Trump",47.91224,48.04373,""
"New Hampshire","7/25/2024","Donald Trump",43.59492,43.48271,""
"New Hampshire","7/26/2024","Kamala Harris",48.13649,48.40298,""
"New Hampshire","7/26/2024","Donald Trump",43.69272,43.57625,""
"New Hampshire","7/26/2024","Convention Bounce for Donald Trump",47.89592,48.05842,""
"New Hampshire","7/26/2024","Robert F. Kennedy",5.888344,5.762769,""
"New Hampshire","7/27/2024","Kamala Harris",48.13649,48.40298,""
"New Hampshire","7/27/2024","Convention Bounce for Donald Trump",47.89592,48.05842,""
"New Hampshire","7/27/2024","Donald Trump",43.69272,43.57625,""
"New Hampshire","7/27/2024","Robert F. Kennedy",5.888344,5.762769,""
"New Hampshire","7/28/2024","Convention Bounce for Donald Trump",47.91146,48.05549,"yes"
"New Hampshire","7/28/2024","Kamala Harris",48.16918,48.50161,"yes"
"New Hampshire","7/28/2024","Robert F. Kennedy",5.908496,5.726714,"yes"
"New Hampshire","7/28/2024","Donald Trump",43.64566,43.62642,"yes"
"North Carolina","7/20/2024","Robert F. Kennedy",1.380033,1.391173,""
"North Carolina","7/20/2024","Donald Trump",50.62106,50.63141,""
"North Carolina","7/20/2024","Kamala Harris",43.82594,43.83892,""
"North Carolina","7/20/2024","Convention Bounce for Donald Trump",51.16788,51.18026,""
"North Carolina","7/21/2024","Convention Bounce for Donald Trump",51.18301,51.20953,""
"North Carolina","7/21/2024","Kamala Harris",43.79139,43.7875,""
"North Carolina","7/21/2024","Robert F. Kennedy",1.380402,1.400359,""
"North Carolina","7/21/2024","Donald Trump",50.55916,50.56056,""
"North Carolina","7/22/2024","Convention Bounce for Donald Trump",51.0112,52.17556,""
"North Carolina","7/22/2024","Donald Trump",50.52069,50.57736,""
"North Carolina","7/22/2024","Kamala Harris",43.49851,43.61773,""
"North Carolina","7/22/2024","Robert F. Kennedy",1.395114,1.370892,""
"North Carolina","7/23/2024","Convention Bounce for Donald Trump",51.25195,52.16292,""
"North Carolina","7/23/2024","Donald Trump",50.52106,49.77486,""
"North Carolina","7/23/2024","Robert F. Kennedy",1.375725,1.370622,""
"North Carolina","7/23/2024","Kamala Harris",43.52911,44.06562,""
"North Carolina","7/24/2024","Kamala Harris",43.25624,43.7073,""
"North Carolina","7/24/2024","Robert F. Kennedy",2.86994,2.68498,""
"North Carolina","7/24/2024","Convention Bounce for Donald Trump",49.42071,49.7535,""
"North Carolina","7/24/2024","Donald Trump",47.97215,47.83789,""
"North Carolina","7/25/2024","Donald Trump",47.96329,47.78487,""
"North Carolina","7/25/2024","Robert F. Kennedy",2.869106,2.677121,""
"North Carolina","7/25/2024","Kamala Harris",43.29828,43.75558,""
"North Carolina","7/25/2024","Convention Bounce for Donald Trump",49.42031,49.70887,""
"North Carolina","7/26/2024","Kamala Harris",43.28693,44.00153,""
"North Carolina","7/26/2024","Donald Trump",48.03173,47.75307,""
"North Carolina","7/26/2024","Convention Bounce for Donald Trump",49.39539,49.71511,""
"North Carolina","7/26/2024","Robert F. Kennedy",2.805467,2.753019,""
"North Carolina","7/27/2024","Convention Bounce for Donald Trump",49.39539,49.71511,""
"North Carolina","7/27/2024","Donald Trump",48.03173,47.75307,""
"North Carolina","7/27/2024","Kamala Harris",43.28693,44.00153,""
"North Carolina","7/27/2024","Robert F. Kennedy",2.805467,2.753019,""
"North Carolina","7/28/2024","Robert F. Kennedy",2.821048,2.642326,"no"
"North Carolina","7/28/2024","Donald Trump",47.98464,47.99321,"no"
"North Carolina","7/28/2024","Convention Bounce for Donald Trump",49.41071,49.65672,"no"
"North Carolina","7/28/2024","Kamala Harris",43.31956,44.22997,"no"
"Pennsylvania","7/11/2024","Robert F. Kennedy",6,6,""
"Pennsylvania","7/11/2024","Donald Trump",42.99997,43.00005,""
"Pennsylvania","7/11/2024","Kamala Harris",41.99999,42.00007,""
"Pennsylvania","7/12/2024","Donald Trump",45.20332,45.46499,""
"Pennsylvania","7/12/2024","Kamala Harris",41.91201,42.01527,""
"Pennsylvania","7/12/2024","Robert F. Kennedy",6,6,""
"Pennsylvania","7/13/2024","Kamala Harris",41.89663,41.99722,""
"Pennsylvania","7/13/2024","Donald Trump",45.21509,45.48059,""
"Pennsylvania","7/13/2024","Robert F. Kennedy",6.014989,5.999505,""
"Pennsylvania","7/14/2024","Robert F. Kennedy",6.015267,7.264763,""
"Pennsylvania","7/14/2024","Kamala Harris",42.21337,42.1927,""
"Pennsylvania","7/14/2024","Donald Trump",45.5044,46.00272,""
"Pennsylvania","7/15/2024","Donald Trump",45.47911,46.29877,""
"Pennsylvania","7/15/2024","Robert F. Kennedy",6.005871,7.272599,""
"Pennsylvania","7/15/2024","Convention Bounce for Donald Trump",40.45423,40.41709,""
"Pennsylvania","7/15/2024","Kamala Harris",42.12549,42.77262,""
"Pennsylvania","7/16/2024","Robert F. Kennedy",5.463582,5.968096,""
"Pennsylvania","7/16/2024","Donald Trump",46.05459,46.32253,""
"Pennsylvania","7/16/2024","Convention Bounce for Donald Trump",41.11192,41.13518,""
"Pennsylvania","7/16/2024","Kamala Harris",41.33488,41.58131,""
"Pennsylvania","7/17/2024","Kamala Harris",41.10104,41.31075,""
"Pennsylvania","7/17/2024","Robert F. Kennedy",5.463675,5.038498,""
"Pennsylvania","7/17/2024","Convention Bounce for Donald Trump",41.1119,41.34108,""
"Pennsylvania","7/17/2024","Donald Trump",45.79736,45.95966,""
"Pennsylvania","7/18/2024","Kamala Harris",41.58556,43.35397,""
"Pennsylvania","7/18/2024","Donald Trump",46.01979,47.77297,""
"Pennsylvania","7/18/2024","Robert F. Kennedy",4.583957,4.290036,""
"Pennsylvania","7/18/2024","Convention Bounce for Donald Trump",42.91896,44.23874,""
"Pennsylvania","7/19/2024","Donald Trump",46.01979,47.77297,""
"Pennsylvania","7/19/2024","Kamala Harris",41.58556,43.35397,""
"Pennsylvania","7/19/2024","Robert F. Kennedy",4.583957,4.290036,""
"Pennsylvania","7/19/2024","Convention Bounce for Donald Trump",42.91896,44.23874,""
"Pennsylvania","7/20/2024","Donald Trump",45.90696,47.81201,""
"Pennsylvania","7/20/2024","Kamala Harris",41.47834,43.38809,""
"Pennsylvania","7/20/2024","Robert F. Kennedy",4.588395,4.295497,""
"Pennsylvania","7/20/2024","Convention Bounce for Donald Trump",42.91322,44.2516,""
"Pennsylvania","7/21/2024","Donald Trump",45.61625,46.12294,""
"Pennsylvania","7/21/2024","Robert F. Kennedy",4.588745,5.289165,""
"Pennsylvania","7/21/2024","Convention Bounce for Donald Trump",42.92805,46.13196,""
"Pennsylvania","7/21/2024","Kamala Harris",41.22594,40.95507,""
"Pennsylvania","7/22/2024","Robert F. Kennedy",4.602682,4.710757,""
"Pennsylvania","7/22/2024","Donald Trump",45.54552,47.21928,""
"Pennsylvania","7/22/2024","Kamala Harris",41.03926,42.11285,""
"Pennsylvania","7/22/2024","Convention Bounce for Donald Trump",42.76017,48.87448,""
"Pennsylvania","7/23/2024","Kamala Harris",42.27195,43.39652,""
"Pennsylvania","7/23/2024","Robert F. Kennedy",3.78321,3.301036,""
"Pennsylvania","7/23/2024","Convention Bounce for Donald Trump",44.20387,48.23255,""
"Pennsylvania","7/23/2024","Donald Trump",45.87395,46.03905,""
"Pennsylvania","7/24/2024","Robert F. Kennedy",4.561102,4.113932,""
"Pennsylvania","7/24/2024","Donald Trump",45.2369,45.44007,""
"Pennsylvania","7/24/2024","Kamala Harris",42.91822,43.66021,""
"Pennsylvania","7/24/2024","Convention Bounce for Donald Trump",46.21898,48.1841,""
"Pennsylvania","7/25/2024","Kamala Harris",42.94236,43.71067,""
"Pennsylvania","7/25/2024","Convention Bounce for Donald Trump",46.2178,48.1156,""
"Pennsylvania","7/25/2024","Robert F. Kennedy",4.559522,4.076869,""
"Pennsylvania","7/25/2024","Donald Trump",45.19683,45.35378,""
"Pennsylvania","7/26/2024","Kamala Harris",44.16004,44.50504,""
"Pennsylvania","7/26/2024","Robert F. Kennedy",4.594993,4.377604,""
"Pennsylvania","7/26/2024","Convention Bounce for Donald Trump",47.74553,48.09872,""
"Pennsylvania","7/26/2024","Donald Trump",45.23346,45.09079,""
"Pennsylvania","7/27/2024","Convention Bounce for Donald Trump",47.74553,48.09872,""
"Pennsylvania","7/27/2024","Kamala Harris",44.16004,44.50504,""
"Pennsylvania","7/27/2024","Robert F. Kennedy",4.594993,4.377604,""
"Pennsylvania","7/27/2024","Donald Trump",45.23346,45.09079,""
"Pennsylvania","7/28/2024","Donald Trump",45.18604,45.1941,"yes"
"Pennsylvania","7/28/2024","Robert F. Kennedy",4.613117,4.283696,"yes"
"Pennsylvania","7/28/2024","Convention Bounce for Donald Trump",47.76085,48.0625,"yes"
"Pennsylvania","7/28/2024","Kamala Harris",44.19224,44.6409,"yes"
"Virginia","7/12/2024","Robert F. Kennedy",7.000001,7.000001,""
"Virginia","7/12/2024","Kamala Harris",42.99819,42.99995,""
"Virginia","7/12/2024","Donald Trump",39.03299,38.99974,""
"Virginia","7/13/2024","Kamala Harris",42.9995,42.99991,""
"Virginia","7/13/2024","Robert F. Kennedy",8.162558,8.151258,""
"Virginia","7/13/2024","Donald Trump",38.61091,38.61628,""
"Virginia","7/14/2024","Donald Trump",38.59483,38.69389,""
"Virginia","7/14/2024","Kamala Harris",43.01206,42.91771,""
"Virginia","7/14/2024","Robert F. Kennedy",8.162647,8.537971,""
"Virginia","7/15/2024","Donald Trump",42.50038,42.74072,""
"Virginia","7/15/2024","Robert F. Kennedy",7.324653,7.566547,""
"Virginia","7/15/2024","Convention Bounce for Donald Trump",40.00042,40,""
"Virginia","7/15/2024","Kamala Harris",43.14071,43.31341,""
"Virginia","7/16/2024","Kamala Harris",43.00882,43.1631,""
"Virginia","7/16/2024","Robert F. Kennedy",7.323343,7.542121,""
"Virginia","7/16/2024","Donald Trump",42.36459,42.59558,""
"Virginia","7/16/2024","Convention Bounce for Donald Trump",40.00163,40.01822,""
"Virginia","7/17/2024","Robert F. Kennedy",7.323456,7.09917,""
"Virginia","7/17/2024","Convention Bounce for Donald Trump",40.00155,40.32846,""
"Virginia","7/17/2024","Donald Trump",42.24376,42.41377,""
"Virginia","7/17/2024","Kamala Harris",42.89665,43.11468,""
"Virginia","7/18/2024","Convention Bounce for Donald Trump",39.99183,41.86989,""
"Virginia","7/18/2024","Donald Trump",42.08805,44.77385,""
"Virginia","7/18/2024","Kamala Harris",42.74504,45.41103,""
"Virginia","7/18/2024","Robert F. Kennedy",7.322886,7.041243,""
"Virginia","7/19/2024","Kamala Harris",42.74504,45.41103,""
"Virginia","7/19/2024","Donald Trump",42.08805,44.77385,""
"Virginia","7/19/2024","Robert F. Kennedy",7.322886,7.041243,""
"Virginia","7/19/2024","Convention Bounce for Donald Trump",39.99183,41.86989,""
"Virginia","7/20/2024","Kamala Harris",42.56984,45.45477,""
"Virginia","7/20/2024","Robert F. Kennedy",7.32289,7.043031,""
"Virginia","7/20/2024","Convention Bounce for Donald Trump",39.98903,41.87247,""
"Virginia","7/20/2024","Donald Trump",41.90284,44.81742,""
"Virginia","7/21/2024","Donald Trump",41.90857,42.64186,""
"Virginia","7/21/2024","Kamala Harris",42.58896,42.29771,""
"Virginia","7/21/2024","Convention Bounce for Donald Trump",39.99469,43.91808,""
"Virginia","7/21/2024","Robert F. Kennedy",7.322111,8.344666,""
"Virginia","7/22/2024","Donald Trump",41.82454,43.96034,""
"Virginia","7/22/2024","Kamala Harris",42.41205,43.75057,""
"Virginia","7/22/2024","Robert F. Kennedy",7.320954,7.434146,""
"Virginia","7/22/2024","Convention Bounce for Donald Trump",39.83667,47.03797,""
"Virginia","7/23/2024","Donald Trump",41.73727,42.21375,""
"Virginia","7/23/2024","Robert F. Kennedy",7.303146,6.287231,""
"Virginia","7/23/2024","Kamala Harris",42.30973,44.12451,""
"Virginia","7/23/2024","Convention Bounce for Donald Trump",39.98123,46.66708,""
"Virginia","7/24/2024","Convention Bounce for Donald Trump",39.99286,46.3529,""
"Virginia","7/24/2024","Robert F. Kennedy",7.30132,5.644277,""
"Virginia","7/24/2024","Kamala Harris",42.1551,44.42596,""
"Virginia","7/24/2024","Donald Trump",41.58123,42.59041,""
"Virginia","7/25/2024","Donald Trump",41.52711,42.40252,""
"Virginia","7/25/2024","Robert F. Kennedy",7.301792,5.590845,""
"Virginia","7/25/2024","Convention Bounce for Donald Trump",39.99358,46.16508,""
"Virginia","7/25/2024","Kamala Harris",42.14826,44.46176,""
"Virginia","7/26/2024","Kamala Harris",42.17939,44.85025,""
"Virginia","7/26/2024","Convention Bounce for Donald Trump",39.97858,46.16187,""
"Virginia","7/26/2024","Donald Trump",41.64765,42.41988,""
"Virginia","7/26/2024","Robert F. Kennedy",7.276897,5.89374,""
"Virginia","7/27/2024","Convention Bounce for Donald Trump",39.97858,46.16187,""
"Virginia","7/27/2024","Donald Trump",41.64765,42.41988,""
"Virginia","7/27/2024","Kamala Harris",42.17939,44.85025,""
"Virginia","7/27/2024","Robert F. Kennedy",7.276897,5.89374,""
"Virginia","7/28/2024","Kamala Harris",42.19656,45.21762,"yes"
"Virginia","7/28/2024","Donald Trump",41.58496,42.86201,"yes"
"Virginia","7/28/2024","Convention Bounce for Donald Trump",39.9935,46.08762,"yes"
"Virginia","7/28/2024","Robert F. Kennedy",7.298058,5.695928,"yes"
"Washington","7/13/2024","Donald Trump",32.34978,32.34975,""
"Washington","7/13/2024","Kamala Harris",47.37334,47.37334,""
"Washington","7/14/2024","Kamala Harris",48.36512,48.2738,""
"Washington","7/14/2024","Donald Trump",33.30874,33.39558,""
"Washington","7/15/2024","Donald Trump",33.12275,33.57231,""
"Washington","7/15/2024","Kamala Harris",48.16071,48.57479,""
"Washington","7/15/2024","Convention Bounce for Donald Trump",39.99939,40,""
"Washington","7/16/2024","Donald Trump",32.58101,33.05968,""
"Washington","7/16/2024","Kamala Harris",47.61552,48.06668,""
"Washington","7/16/2024","Convention Bounce for Donald Trump",39.99899,40.0038,""
"Washington","7/17/2024","Donald Trump",32.44592,32.75254,""
"Washington","7/17/2024","Kamala Harris",47.47581,47.89755,""
"Washington","7/17/2024","Convention Bounce for Donald Trump",40.00344,40.43761,""
"Washington","7/18/2024","Kamala Harris",46.9521,50.36838,""
"Washington","7/18/2024","Donald Trump",31.92837,35.19202,""
"Washington","7/18/2024","Convention Bounce for Donald Trump",39.99388,42.23413,""
"Washington","7/19/2024","Kamala Harris",46.9521,50.36838,""
"Washington","7/19/2024","Donald Trump",31.92837,35.19202,""
"Washington","7/19/2024","Convention Bounce for Donald Trump",39.99388,42.23413,""
"Washington","7/20/2024","Kamala Harris",46.31688,50.01186,""
"Washington","7/20/2024","Donald Trump",31.3015,34.81167,""
"Washington","7/20/2024","Convention Bounce for Donald Trump",39.99065,42.32182,""
"Washington","7/21/2024","Donald Trump",32.2827,33.14567,""
"Washington","7/21/2024","Kamala Harris",47.31276,46.96614,""
"Washington","7/21/2024","Convention Bounce for Donald Trump",40.00724,44.7588,""
"Washington","7/22/2024","Kamala Harris",47.10312,48.71318,""
"Washington","7/22/2024","Donald Trump",32.07502,34.52069,""
"Washington","7/22/2024","Convention Bounce for Donald Trump",39.84387,48.41776,""
"Washington","7/23/2024","Donald Trump",31.85277,32.44175,""
"Washington","7/23/2024","Kamala Harris",46.8721,48.97491,""
"Washington","7/23/2024","Convention Bounce for Donald Trump",40.02153,47.92975,""
"Washington","7/24/2024","Donald Trump",31.24813,32.44348,""
"Washington","7/24/2024","Kamala Harris",46.25908,48.92079,""
"Washington","7/24/2024","Convention Bounce for Donald Trump",40.02299,47.49281,""
"Washington","7/25/2024","Kamala Harris",46.11681,48.82932,""
"Washington","7/25/2024","Donald Trump",31.10954,32.16016,""
"Washington","7/25/2024","Convention Bounce for Donald Trump",40.0236,47.27599,""
"Washington","7/26/2024","Kamala Harris",47.75395,49.71712,""
"Washington","7/26/2024","Donald Trump",34.31585,35.16038,""
"Washington","7/26/2024","Convention Bounce for Donald Trump",43.42554,47.42682,""
"Washington","7/26/2024","Robert F. Kennedy",6.009905,5.995599,""
"Washington","7/27/2024","Convention Bounce for Donald Trump",43.42554,47.42682,""
"Washington","7/27/2024","Robert F. Kennedy",6.009905,5.995599,""
"Washington","7/27/2024","Donald Trump",34.31585,35.16038,""
"Washington","7/27/2024","Kamala Harris",47.75395,49.71712,""
"Washington","7/28/2024","Convention Bounce for Donald Trump",43.44081,47.38925,"no"
"Washington","7/28/2024","Robert F. Kennedy",6.0303,6.019448,"no"
"Washington","7/28/2024","Kamala Harris",47.75413,49.92857,"no"
"Washington","7/28/2024","Donald Trump",34.23941,35.36456,"no"
"Wisconsin","7/10/2024","Kamala Harris",43.39407,45.21532,""
"Wisconsin","7/10/2024","Donald Trump",44.11354,45.46746,""
"Wisconsin","7/11/2024","Kamala Harris",43.8099,44.65582,""
"Wisconsin","7/11/2024","Donald Trump",45.68988,46.29544,""
"Wisconsin","7/12/2024","Kamala Harris",43.92296,44.79325,""
"Wisconsin","7/12/2024","Donald Trump",45.75836,46.38702,""
"Wisconsin","7/13/2024","Kamala Harris",43.9025,44.49084,""
"Wisconsin","7/13/2024","Donald Trump",45.77606,46.33183,""
"Wisconsin","7/14/2024","Kamala Harris",44.23458,44.28544,""
"Wisconsin","7/14/2024","Donald Trump",46.06976,46.52903,""
"Wisconsin","7/15/2024","Convention Bounce for Donald Trump",40.60121,40.53882,""
"Wisconsin","7/15/2024","Donald Trump",45.8144,46.65554,""
"Wisconsin","7/15/2024","Kamala Harris",43.93051,44.90446,""
"Wisconsin","7/16/2024","Donald Trump",47.38687,47.89868,""
"Wisconsin","7/16/2024","Kamala Harris",45.06114,45.58263,""
"Wisconsin","7/16/2024","Convention Bounce for Donald Trump",41.44597,41.47493,""
"Wisconsin","7/16/2024","Robert F. Kennedy",1.369193,1.355715,""
"Wisconsin","7/17/2024","Robert F. Kennedy",1.369193,1.355715,""
"Wisconsin","7/17/2024","Convention Bounce for Donald Trump",41.44596,41.78635,""
"Wisconsin","7/17/2024","Donald Trump",47.4034,47.73803,""
"Wisconsin","7/17/2024","Kamala Harris",45.07654,45.51871,""
"Wisconsin","7/18/2024","Robert F. Kennedy",1.375912,1.304098,""
"Wisconsin","7/18/2024","Convention Bounce for Donald Trump",41.42904,43.41298,""
"Wisconsin","7/18/2024","Donald Trump",46.99513,49.94563,""
"Wisconsin","7/18/2024","Kamala Harris",44.68362,47.64158,""
"Wisconsin","7/19/2024","Convention Bounce for Donald Trump",41.42904,43.41298,""
"Wisconsin","7/19/2024","Donald Trump",46.99513,49.94563,""
"Wisconsin","7/19/2024","Kamala Harris",44.68362,47.64158,""
"Wisconsin","7/19/2024","Robert F. Kennedy",1.375912,1.304098,""
"Wisconsin","7/20/2024","Robert F. Kennedy",1.381931,1.310265,""
"Wisconsin","7/20/2024","Donald Trump",46.51206,49.72618,""
"Wisconsin","7/20/2024","Kamala Harris",44.23013,47.4396,""
"Wisconsin","7/20/2024","Convention Bounce for Donald Trump",41.41991,43.43011,""
"Wisconsin","7/21/2024","Donald Trump",47.61096,48.43928,""
"Wisconsin","7/21/2024","Convention Bounce for Donald Trump",41.43475,45.57338,""
"Wisconsin","7/21/2024","Kamala Harris",45.26312,45.08593,""
"Wisconsin","7/21/2024","Robert F. Kennedy",1.3823,2.497197,""
"Wisconsin","7/22/2024","Robert F. Kennedy",1.397001,1.990881,""
"Wisconsin","7/22/2024","Kamala Harris",44.93134,46.43773,""
"Wisconsin","7/22/2024","Donald Trump",47.43975,49.74043,""
"Wisconsin","7/22/2024","Convention Bounce for Donald Trump",41.26619,48.78251,""
"Wisconsin","7/23/2024","Donald Trump",46.25908,46.58233,""
"Wisconsin","7/23/2024","Robert F. Kennedy",2.324989,2.159057,""
"Wisconsin","7/23/2024","Kamala Harris",45.25792,46.35585,""
"Wisconsin","7/23/2024","Convention Bounce for Donald Trump",44.45307,48.45997,""
"Wisconsin","7/24/2024","Convention Bounce for Donald Trump",45.92964,48.20902,""
"Wisconsin","7/24/2024","Donald Trump",46.0348,46.40996,""
"Wisconsin","7/24/2024","Kamala Harris",45.37381,46.18851,""
"Wisconsin","7/24/2024","Robert F. Kennedy",3.544635,3.466524,""
"Wisconsin","7/25/2024","Robert F. Kennedy",3.541897,3.428184,""
"Wisconsin","7/25/2024","Convention Bounce for Donald Trump",45.92928,48.14894,""
"Wisconsin","7/25/2024","Kamala Harris",45.41231,46.25759,""
"Wisconsin","7/25/2024","Donald Trump",45.98757,46.32487,""
"Wisconsin","7/26/2024","Convention Bounce for Donald Trump",45.91409,48.14221,""
"Wisconsin","7/26/2024","Robert F. Kennedy",3.426036,3.454053,""
"Wisconsin","7/26/2024","Kamala Harris",45.43396,46.50547,""
"Wisconsin","7/26/2024","Donald Trump",46.10009,46.24912,""
"Wisconsin","7/27/2024","Robert F. Kennedy",3.426036,3.454053,""
"Wisconsin","7/27/2024","Donald Trump",46.10009,46.24912,""
"Wisconsin","7/27/2024","Convention Bounce for Donald Trump",45.91409,48.14221,""
"Wisconsin","7/27/2024","Kamala Harris",45.43396,46.50547,""
"Wisconsin","7/28/2024","Kamala Harris",45.45464,46.70259,"yes"
"Wisconsin","7/28/2024","Robert F. Kennedy",3.442634,3.374724,"yes"
"Wisconsin","7/28/2024","Convention Bounce for Donald Trump",45.92934,48.08894,"yes"
"Wisconsin","7/28/2024","Donald Trump",46.04,46.44225,"yes"
"Arizona","7/29/2024","Convention Bounce for Donald Trump",46.42828,48.42502,"yes"
"Arizona","7/29/2024","Donald Trump",47.12034,47.22838,"yes"
"Arizona","7/29/2024","Robert F. Kennedy",4.499969,4.459425,"yes"
"Arizona","7/29/2024","Kamala Harris",40.44397,41.73986,"yes"
"Florida","7/29/2024","Robert F. Kennedy",4.968818,5.004732,"no"
"Florida","7/29/2024","Convention Bounce for Donald Trump",44.57555,47.39885,"no"
"Florida","7/29/2024","Donald Trump",45.63309,45.85561,"no"
"Florida","7/29/2024","Kamala Harris",36.7668,38.37471,"no"
"Georgia","7/29/2024","Kamala Harris",41.11712,42.35201,"yes"
"Georgia","7/29/2024","Robert F. Kennedy",4.116153,3.790304,"yes"
"Georgia","7/29/2024","Donald Trump",46.16399,46.31907,"yes"
"Georgia","7/29/2024","Convention Bounce for Donald Trump",45.60283,47.55862,"yes"
"Maine","7/29/2024","Donald Trump",40.00924,40.01033,"no"
"Maine","7/29/2024","Robert F. Kennedy",4.037397,4.01263,"no"
"Maine","7/29/2024","Convention Bounce for Donald Trump",47.62341,47.62459,"no"
"Maine","7/29/2024","Kamala Harris",47.98303,47.99932,"no"
"Michigan","7/29/2024","Donald Trump",45.14367,45.07665,"yes"
"Michigan","7/29/2024","Convention Bounce for Donald Trump",47.43951,48.25596,"yes"
"Michigan","7/29/2024","Kamala Harris",43.1065,43.75968,"yes"
"Michigan","7/29/2024","Robert F. Kennedy",6.010632,5.931975,"yes"
"Minnesota","7/29/2024","Kamala Harris",46.97159,47.1102,"yes"
"Minnesota","7/29/2024","Robert F. Kennedy",5.919124,5.915136,"yes"
"Minnesota","7/29/2024","Convention Bounce for Donald Trump",47.87323,47.83028,"yes"
"Minnesota","7/29/2024","Donald Trump",39.73583,39.61653,"yes"
"National","7/29/2024","Donald Trump",44.71404,44.60614,"yes"
"National","7/29/2024","Robert F. Kennedy",4.732955,4.664132,"yes"
"National","7/29/2024","Convention Bounce for Donald Trump",48.31085,48.20885,"yes"
"National","7/29/2024","Kamala Harris",43.92863,44.17015,"yes"
"Nevada","7/29/2024","Convention Bounce for Donald Trump",44.46326,47.47086,"no"
"Nevada","7/29/2024","Donald Trump",45.02017,45.259,"no"
"Nevada","7/29/2024","Robert F. Kennedy",4.968818,4.999773,"no"
"Nevada","7/29/2024","Kamala Harris",39.07951,40.79908,"no"
"New Hampshire","7/29/2024","Robert F. Kennedy",5.908496,5.726714,"yes"
"New Hampshire","7/29/2024","Kamala Harris",48.16918,48.47688,"yes"
"New Hampshire","7/29/2024","Convention Bounce for Donald Trump",47.91144,48.04464,"yes"
"New Hampshire","7/29/2024","Donald Trump",43.64563,43.56349,"yes"
"North Carolina","7/29/2024","Kamala Harris",43.31942,44.15922,"no"
"North Carolina","7/29/2024","Robert F. Kennedy",2.821048,2.642326,"no"
"North Carolina","7/29/2024","Donald Trump",47.98418,47.80664,"no"
"North Carolina","7/29/2024","Convention Bounce for Donald Trump",49.41058,49.61488,"no"
"Pennsylvania","7/29/2024","Kamala Harris",44.19067,44.60183,"yes"
"Pennsylvania","7/29/2024","Convention Bounce for Donald Trump",47.76071,48.03384,"yes"
"Pennsylvania","7/29/2024","Donald Trump",45.18404,45.09446,"yes"
"Pennsylvania","7/29/2024","Robert F. Kennedy",4.613117,4.283696,"yes"
"Virginia","7/29/2024","Kamala Harris",42.1915,45.0957,"yes"
"Virginia","7/29/2024","Donald Trump",41.57882,42.55336,"yes"
"Virginia","7/29/2024","Convention Bounce for Donald Trump",39.99334,46.03633,"yes"
"Virginia","7/29/2024","Robert F. Kennedy",7.298058,5.695928,"yes"
"Washington","7/29/2024","Robert F. Kennedy",6.0303,6.019448,"no"
"Washington","7/29/2024","Kamala Harris",47.74483,49.8508,"no"
"Washington","7/29/2024","Donald Trump",34.23006,35.18959,"no"
"Washington","7/29/2024","Convention Bounce for Donald Trump",43.44073,47.35897,"no"
"Wisconsin","7/29/2024","Kamala Harris",45.45119,46.6403,"yes"
"Wisconsin","7/29/2024","Convention Bounce for Donald Trump",45.92921,48.05015,"yes"
"Wisconsin","7/29/2024","Donald Trump",46.03597,46.28172,"yes"
"Wisconsin","7/29/2024","Robert F. Kennedy",3.442634,3.374724,"yes"
"Arizona","7/30/2024","Kamala Harris",40.48401,41.77553,"yes"
"Arizona","7/30/2024","Donald Trump",47.17296,47.14593,"yes"
"Arizona","7/30/2024","Convention Bounce for Donald Trump",46.43925,48.02435,"yes"
"Arizona","7/30/2024","Robert F. Kennedy",4.471249,4.758355,"yes"
"California","7/30/2024","Robert F. Kennedy",6.959494,6.56469,"no"
"California","7/30/2024","Donald Trump",34.1636,34.2025,"no"
"California","7/30/2024","Kamala Harris",53.98382,55.73449,"no"
"California","7/30/2024","Convention Bounce for Donald Trump",45.33643,47.54855,"no"
"Florida","7/30/2024","Robert F. Kennedy",4.931381,5.231098,"yes"
"Florida","7/30/2024","Kamala Harris",38.04496,38.85942,"yes"
"Florida","7/30/2024","Donald Trump",45.91018,45.91939,"yes"
"Florida","7/30/2024","Convention Bounce for Donald Trump",45.83566,47.00675,"yes"
"Georgia","7/30/2024","Donald Trump",46.21243,46.25253,"yes"
"Georgia","7/30/2024","Convention Bounce for Donald Trump",45.61299,47.24609,"yes"
"Georgia","7/30/2024","Robert F. Kennedy",4.081892,4.006998,"yes"
"Georgia","7/30/2024","Kamala Harris",41.14288,42.37198,"yes"
"Maine","7/30/2024","Convention Bounce for Donald Trump",47.63273,47.58306,"no"
"Maine","7/30/2024","Donald Trump",40.02578,39.95572,"no"
"Maine","7/30/2024","Kamala Harris",47.96687,48.06416,"no"
"Maine","7/30/2024","Robert F. Kennedy",4.003638,4.122861,"no"
"Michigan","7/30/2024","Convention Bounce for Donald Trump",47.44969,47.9642,"yes"
"Michigan","7/30/2024","Robert F. Kennedy",5.978265,6.14545,"yes"
"Michigan","7/30/2024","Donald Trump",45.15035,44.99507,"yes"
"Michigan","7/30/2024","Kamala Harris",43.09393,43.78564,"yes"
"Minnesota","7/30/2024","Donald Trump",39.60925,39.42161,"yes"
"Minnesota","7/30/2024","Robert F. Kennedy",5.886789,6.110897,"yes"
"Minnesota","7/30/2024","Convention Bounce for Donald Trump",47.88369,47.67501,"yes"
"Minnesota","7/30/2024","Kamala Harris",46.8377,47.04729,"yes"
"National","7/30/2024","Robert F. Kennedy",4.879688,5.011606,"yes"
"National","7/30/2024","Kamala Harris",43.91131,44.13338,"yes"
"National","7/30/2024","Donald Trump",44.60777,44.49509,"yes"
"National","7/30/2024","Convention Bounce for Donald Trump",47.79102,47.55436,"yes"
"Nevada","7/30/2024","Robert F. Kennedy",4.931381,5.27072,"no"
"Nevada","7/30/2024","Convention Bounce for Donald Trump",44.47611,46.99082,"no"
"Nevada","7/30/2024","Donald Trump",45.11909,45.18939,"no"
"Nevada","7/30/2024","Kamala Harris",39.16438,40.81879,"no"
"New Hampshire","7/30/2024","Donald Trump",43.64436,43.48884,"yes"
"New Hampshire","7/30/2024","Kamala Harris",48.14561,48.51398,"yes"
"New Hampshire","7/30/2024","Convention Bounce for Donald Trump",47.92064,47.93393,"yes"
"New Hampshire","7/30/2024","Robert F. Kennedy",5.876875,5.926207,"yes"
"North Carolina","7/30/2024","Convention Bounce for Donald Trump",49.42278,49.29572,"no"
"North Carolina","7/30/2024","Kamala Harris",43.30247,44.18059,"no"
"North Carolina","7/30/2024","Robert F. Kennedy",2.793357,2.867422,"no"
"North Carolina","7/30/2024","Donald Trump",47.98996,47.73036,"no"
"Pennsylvania","7/30/2024","Convention Bounce for Donald Trump",47.77092,47.79948,"yes"
"Pennsylvania","7/30/2024","Donald Trump",45.15998,44.99249,"yes"
"Pennsylvania","7/30/2024","Kamala Harris",44.15255,44.62166,"yes"
"Pennsylvania","7/30/2024","Robert F. Kennedy",4.58427,4.485121,"yes"
"Virginia","7/30/2024","Robert F. Kennedy",7.243104,6.003634,"yes"
"Virginia","7/30/2024","Kamala Harris",42.24324,45.0108,"yes"
"Virginia","7/30/2024","Convention Bounce for Donald Trump",40.005,45.64943,"yes"
"Virginia","7/30/2024","Donald Trump",41.64827,42.41061,"yes"
"Washington","7/30/2024","Convention Bounce for Donald Trump",43.45001,47.11248,"no"
"Washington","7/30/2024","Robert F. Kennedy",5.99159,6.139122,"no"
"Washington","7/30/2024","Donald Trump",34.37901,35.17869,"no"
"Washington","7/30/2024","Kamala Harris",47.89395,49.93231,"no"
"Wisconsin","7/30/2024","Robert F. Kennedy",3.416879,3.532276,"yes"
"Wisconsin","7/30/2024","Kamala Harris",45.49139,46.67486,"yes"
"Wisconsin","7/30/2024","Convention Bounce for Donald Trump",45.93946,47.74632,"yes"
"Wisconsin","7/30/2024","Donald Trump",46.08964,46.21207,"yes"
"Arizona","7/31/2024","Kamala Harris",42.76112,43.60189,"yes"
"Arizona","7/31/2024","Robert F. Kennedy",4.353898,4.520451,"yes"
"Arizona","7/31/2024","Donald Trump",46.45126,46.3209,"yes"
"Arizona","7/31/2024","Convention Bounce for Donald Trump",46.54144,47.0024,"yes"
"California","7/31/2024","Robert F. Kennedy",6.106414,5.850084,"no"
"California","7/31/2024","Kamala Harris",56.1478,57.44255,"no"
"California","7/31/2024","Donald Trump",34.50251,34.45013,"no"
"California","7/31/2024","Convention Bounce for Donald Trump",45.80526,46.87726,"no"
"Florida","7/31/2024","Convention Bounce for Donald Trump",45.8591,46.73867,"yes"
"Florida","7/31/2024","Robert F. Kennedy",4.950089,5.149877,"yes"
"Florida","7/31/2024","Kamala Harris",37.83926,38.83822,"yes"
"Florida","7/31/2024","Donald Trump",45.69323,45.60408,"yes"
"Georgia","7/31/2024","Robert F. Kennedy",3.867764,3.771564,"yes"
"Georgia","7/31/2024","Donald Trump",46.34893,46.17117,"yes"
"Georgia","7/31/2024","Convention Bounce for Donald Trump",47.21804,47.02371,"yes"
"Georgia","7/31/2024","Kamala Harris",43.51723,43.95845,"yes"
"Maine","7/31/2024","Kamala Harris",47.96971,48.10037,"no"
"Maine","7/31/2024","Robert F. Kennedy",4.005681,4.156187,"no"
"Maine","7/31/2024","Convention Bounce for Donald Trump",47.6344,47.39571,"no"
"Maine","7/31/2024","Donald Trump",40.01642,39.86196,"no"
"Michigan","7/31/2024","Kamala Harris",45.28866,45.72062,"yes"
"Michigan","7/31/2024","Donald Trump",43.41834,43.10899,"yes"
"Michigan","7/31/2024","Robert F. Kennedy",5.658641,5.764382,"yes"
"Michigan","7/31/2024","Convention Bounce for Donald Trump",47.71349,47.23945,"yes"
"Minnesota","7/31/2024","Kamala Harris",46.68386,46.97924,"yes"
"Minnesota","7/31/2024","Donald Trump",39.45723,39.16933,"yes"
"Minnesota","7/31/2024","Convention Bounce for Donald Trump",47.90126,47.45345,"yes"
"Minnesota","7/31/2024","Robert F. Kennedy",5.901061,6.052434,"yes"
"National","7/31/2024","Robert F. Kennedy",5.017519,5.099697,"yes"
"National","7/31/2024","Donald Trump",44.38493,44.24394,"yes"
"National","7/31/2024","Kamala Harris",44.17816,44.4212,"yes"
"National","7/31/2024","Convention Bounce for Donald Trump",47.25479,46.91061,"yes"
"Nevada","7/31/2024","Robert F. Kennedy",5.441344,5.635817,"yes"
"Nevada","7/31/2024","Donald Trump",44.7218,44.62229,"yes"
"Nevada","7/31/2024","Convention Bounce for Donald Trump",45.59485,46.63199,"yes"
"Nevada","7/31/2024","Kamala Harris",41.18943,42.38777,"yes"
"New Hampshire","7/31/2024","Donald Trump",43.14978,42.95884,"yes"
"New Hampshire","7/31/2024","Kamala Harris",48.32414,48.66311,"yes"
"New Hampshire","7/31/2024","Convention Bounce for Donald Trump",47.31071,47.13639,"yes"
"New Hampshire","7/31/2024","Robert F. Kennedy",5.749117,5.792465,"yes"
"North Carolina","7/31/2024","Robert F. Kennedy",3.439891,3.564227,"yes"
"North Carolina","7/31/2024","Donald Trump",47.06997,46.77558,"yes"
"North Carolina","7/31/2024","Kamala Harris",44.04722,44.56136,"yes"
"North Carolina","7/31/2024","Convention Bounce for Donald Trump",48.13769,47.78017,"yes"
"Oregon","7/31/2024","Donald Trump",40.01286,39.8992,"no"
"Oregon","7/31/2024","Robert F. Kennedy",6.970649,7.138171,"no"
"Oregon","7/31/2024","Kamala Harris",44.98347,45.11077,"no"
"Oregon","7/31/2024","Convention Bounce for Donald Trump",47.16339,46.99816,"no"
"Pennsylvania","7/31/2024","Robert F. Kennedy",3.865104,3.927528,"yes"
"Pennsylvania","7/31/2024","Convention Bounce for Donald Trump",47.38726,47.0332,"yes"
"Pennsylvania","7/31/2024","Donald Trump",45.06642,44.86626,"yes"
"Pennsylvania","7/31/2024","Kamala Harris",44.38593,44.72221,"yes"
"Virginia","7/31/2024","Donald Trump",41.56268,42.24155,"yes"
"Virginia","7/31/2024","Robert F. Kennedy",7.255265,5.964489,"yes"
"Virginia","7/31/2024","Kamala Harris",42.15893,45.26377,"yes"
"Virginia","7/31/2024","Convention Bounce for Donald Trump",40.02214,45.23736,"yes"
"Washington","7/31/2024","Kamala Harris",47.75923,50.0219,"no"
"Washington","7/31/2024","Robert F. Kennedy",5.99993,6.207066,"no"
"Washington","7/31/2024","Convention Bounce for Donald Trump",43.47674,46.8151,"no"
"Washington","7/31/2024","Donald Trump",34.25391,34.98204,"no"
"Wisconsin","7/31/2024","Convention Bounce for Donald Trump",46.03437,47.17282,"yes"
"Wisconsin","7/31/2024","Kamala Harris",45.13979,46.22708,"yes"
"Wisconsin","7/31/2024","Robert F. Kennedy",3.857766,3.918325,"yes"
"Wisconsin","7/31/2024","Donald Trump",45.81091,45.80864,"yes"
"Arizona","8/1/2024","Donald Trump",46.56746,46.35476,"yes"
"Arizona","8/1/2024","Convention Bounce for Donald Trump",47.20952,46.8412,"yes"
"Arizona","8/1/2024","Robert F. Kennedy",4.362578,4.49483,"yes"
"Arizona","8/1/2024","Kamala Harris",43.38825,43.76731,"yes"
"California","8/1/2024","Convention Bounce for Donald Trump",45.79137,46.81378,"no"
"California","8/1/2024","Robert F. Kennedy",6.116011,5.826643,"no"
"California","8/1/2024","Donald Trump",34.49112,34.3898,"no"
"California","8/1/2024","Kamala Harris",56.1591,57.52001,"no"
"Florida","8/1/2024","Donald Trump",45.66111,45.53192,"yes"
"Florida","8/1/2024","Kamala Harris",38.12133,39.18673,"yes"
"Florida","8/1/2024","Convention Bounce for Donald Trump",45.84636,46.65197,"yes"
"Florida","8/1/2024","Robert F. Kennedy",4.959805,5.11451,"yes"
"Georgia","8/1/2024","Convention Bounce for Donald Trump",47.20755,46.96163,"yes"
"Georgia","8/1/2024","Kamala Harris",44.3382,44.86699,"yes"
"Georgia","8/1/2024","Donald Trump",46.65849,46.47536,"yes"
"Georgia","8/1/2024","Robert F. Kennedy",3.876174,3.755383,"yes"
"Maine","8/1/2024","Convention Bounce for Donald Trump",47.61952,47.33311,"no"
"Maine","8/1/2024","Robert F. Kennedy",4.013581,4.142651,"no"
"Maine","8/1/2024","Kamala Harris",47.97975,48.15291,"no"
"Maine","8/1/2024","Donald Trump",40.00529,39.85477,"no"
"Michigan","8/1/2024","Donald Trump",43.12984,42.84405,"yes"
"Michigan","8/1/2024","Robert F. Kennedy",5.668103,5.747729,"yes"
"Michigan","8/1/2024","Convention Bounce for Donald Trump",47.5495,47.06493,"yes"
"Michigan","8/1/2024","Kamala Harris",44.64656,45.07014,"yes"
"Minnesota","8/1/2024","Convention Bounce for Donald Trump",47.88866,47.37465,"yes"
"Minnesota","8/1/2024","Kamala Harris",46.84159,47.2048,"yes"
"Minnesota","8/1/2024","Robert F. Kennedy",5.910721,6.02679,"yes"
"Minnesota","8/1/2024","Donald Trump",39.41955,39.12131,"yes"
"National","8/1/2024","Convention Bounce for Donald Trump",47.12772,46.80058,"yes"
"National","8/1/2024","Donald Trump",44.25077,44.11411,"yes"
"National","8/1/2024","Kamala Harris",44.53003,44.80568,"yes"
"National","8/1/2024","Robert F. Kennedy",5.060771,5.121904,"yes"
"Nevada","8/1/2024","Convention Bounce for Donald Trump",45.77005,46.50119,"yes"
"Nevada","8/1/2024","Kamala Harris",41.50253,42.45684,"yes"
"Nevada","8/1/2024","Donald Trump",44.0502,43.92587,"yes"
"Nevada","8/1/2024","Robert F. Kennedy",5.45078,5.61164,"yes"
"New Hampshire","8/1/2024","Convention Bounce for Donald Trump",47.29813,47.07609,"yes"
"New Hampshire","8/1/2024","Kamala Harris",48.27932,48.66207,"yes"
"New Hampshire","8/1/2024","Donald Trump",43.21156,43.00922,"yes"
"New Hampshire","8/1/2024","Robert F. Kennedy",5.723311,5.745611,"yes"
"North Carolina","8/1/2024","Donald Trump",47.04378,46.73402,"yes"
"North Carolina","8/1/2024","Convention Bounce for Donald Trump",48.12518,47.69891,"yes"
"North Carolina","8/1/2024","Robert F. Kennedy",3.447966,3.549368,"yes"
"North Carolina","8/1/2024","Kamala Harris",44.05696,44.66306,"yes"
"Oregon","8/1/2024","Convention Bounce for Donald Trump",47.14946,46.94844,"no"
"Oregon","8/1/2024","Donald Trump",40.00103,39.88439,"no"
"Oregon","8/1/2024","Robert F. Kennedy",6.980752,7.121093,"no"
"Oregon","8/1/2024","Kamala Harris",44.99481,45.15757,"no"
"Pennsylvania","8/1/2024","Donald Trump",45.0341,44.85829,"yes"
"Pennsylvania","8/1/2024","Convention Bounce for Donald Trump",47.16251,46.82652,"yes"
"Pennsylvania","8/1/2024","Kamala Harris",44.87912,45.23035,"yes"
"Pennsylvania","8/1/2024","Robert F. Kennedy",3.873411,3.911302,"yes"
"Virginia","8/1/2024","Donald Trump",41.56107,42.10026,"yes"
"Virginia","8/1/2024","Robert F. Kennedy",7.266024,5.948795,"yes"
"Virginia","8/1/2024","Kamala Harris",42.36406,45.46749,"yes"
"Virginia","8/1/2024","Convention Bounce for Donald Trump",40.00911,45.09462,"yes"
"Washington","8/1/2024","Kamala Harris",48.12179,50.36009,"no"
"Washington","8/1/2024","Donald Trump",34.25307,34.8991,"no"
"Washington","8/1/2024","Convention Bounce for Donald Trump",43.4635,46.72548,"no"
"Washington","8/1/2024","Robert F. Kennedy",6.00947,6.17915,"no"
"Wisconsin","8/1/2024","Convention Bounce for Donald Trump",47.36987,47.02712,"yes"
"Wisconsin","8/1/2024","Kamala Harris",45.56049,45.95482,"yes"
"Wisconsin","8/1/2024","Donald Trump",45.10337,44.87059,"yes"
"Wisconsin","8/1/2024","Robert F. Kennedy",3.866084,3.905618,"yes"
"Arizona","8/2/2024","Robert F. Kennedy",4.354929,4.476569,"yes"
"Arizona","8/2/2024","Convention Bounce for Donald Trump",47.22037,46.76758,"yes"
"Arizona","8/2/2024","Kamala Harris",43.3696,43.83753,"yes"
"Arizona","8/2/2024","Donald Trump",46.57022,46.3114,"yes"
"Florida","8/2/2024","Kamala Harris",38.09816,39.27659,"yes"
"Florida","8/2/2024","Convention Bounce for Donald Trump",45.85867,46.54563,"yes"
"Florida","8/2/2024","Robert F. Kennedy",4.95354,5.081308,"yes"
"Florida","8/2/2024","Donald Trump",45.65894,45.46202,"yes"
"Georgia","8/2/2024","Robert F. Kennedy",3.868916,3.741593,"yes"
"Georgia","8/2/2024","Convention Bounce for Donald Trump",46.83688,46.5829,"yes"
"Georgia","8/2/2024","Donald Trump",46.46979,46.2766,"yes"
"Georgia","8/2/2024","Kamala Harris",44.22457,44.76008,"yes"
"Maine","8/2/2024","Kamala Harris",47.96709,48.20551,"no"
"Maine","8/2/2024","Donald Trump",40.01797,39.83587,"no"
"Maine","8/2/2024","Convention Bounce for Donald Trump",47.6328,47.27024,"no"
"Maine","8/2/2024","Robert F. Kennedy",4.005955,4.132582,"no"
"Michigan","8/2/2024","Donald Trump",43.13717,42.80561,"yes"
"Michigan","8/2/2024","Kamala Harris",44.63128,45.15183,"yes"
"Michigan","8/2/2024","Convention Bounce for Donald Trump",47.56098,46.98455,"yes"
"Michigan","8/2/2024","Robert F. Kennedy",5.659686,5.72715,"yes"
"Minnesota","8/2/2024","Convention Bounce for Donald Trump",47.90119,47.28933,"yes"
"Minnesota","8/2/2024","Kamala Harris",46.82105,47.28341,"yes"
"Minnesota","8/2/2024","Robert F. Kennedy",5.902423,5.996329,"yes"
"Minnesota","8/2/2024","Donald Trump",39.42197,39.08261,"yes"
"National","8/2/2024","Convention Bounce for Donald Trump",46.93022,46.5798,"yes"
"National","8/2/2024","Kamala Harris",44.69041,45.0091,"yes"
"National","8/2/2024","Donald Trump",44.07279,43.92551,"yes"
"National","8/2/2024","Robert F. Kennedy",5.177078,5.234208,"yes"
"Nevada","8/2/2024","Robert F. Kennedy",5.44285,5.603062,"yes"
"Nevada","8/2/2024","Donald Trump",44.05058,43.85608,"yes"
"Nevada","8/2/2024","Kamala Harris",41.48279,42.56824,"yes"
"Nevada","8/2/2024","Convention Bounce for Donald Trump",45.7809,46.40702,"yes"
"New Hampshire","8/2/2024","Convention Bounce for Donald Trump",47.3109,47.01194,"yes"
"New Hampshire","8/2/2024","Kamala Harris",48.2667,48.72884,"yes"
"New Hampshire","8/2/2024","Donald Trump",43.22417,42.97996,"yes"
"New Hampshire","8/2/2024","Robert F. Kennedy",5.714704,5.742696,"yes"
"North Carolina","8/2/2024","Convention Bounce for Donald Trump",48.13426,47.60814,"yes"
"North Carolina","8/2/2024","Donald Trump",47.05355,46.6918,"yes"
"North Carolina","8/2/2024","Robert F. Kennedy",3.441033,3.535737,"yes"
"North Carolina","8/2/2024","Kamala Harris",44.04608,44.74648,"yes"
"Ohio","8/2/2024","Donald Trump",48.01412,47.89883,"no"
"Ohio","8/2/2024","Kamala Harris",38.98265,39.15496,"no"
"Ohio","8/2/2024","Robert F. Kennedy",8.96833,9.109579,"no"
"Ohio","8/2/2024","Convention Bounce for Donald Trump",46.92481,46.72294,"no"
"Oregon","8/2/2024","Kamala Harris",44.98221,45.20998,"no"
"Oregon","8/2/2024","Convention Bounce for Donald Trump",47.16291,46.88351,"no"
"Oregon","8/2/2024","Donald Trump",40.01377,39.85706,"no"
"Oregon","8/2/2024","Robert F. Kennedy",6.971457,7.11085,"no"
"Pennsylvania","8/2/2024","Donald Trump",45.03852,44.82307,"yes"
"Pennsylvania","8/2/2024","Convention Bounce for Donald Trump",47.17455,46.76092,"yes"
"Pennsylvania","8/2/2024","Kamala Harris",44.86069,45.29321,"yes"
"Pennsylvania","8/2/2024","Robert F. Kennedy",3.866,3.894431,"yes"
"Virginia","8/2/2024","Kamala Harris",42.34747,45.63112,"yes"
"Virginia","8/2/2024","Robert F. Kennedy",7.257332,5.949351,"yes"
"Virginia","8/2/2024","Donald Trump",41.56732,41.99988,"yes"
"Virginia","8/2/2024","Convention Bounce for Donald Trump",40.02106,44.92994,"yes"
"Washington","8/2/2024","Robert F. Kennedy",6.000708,6.172116,"no"
"Washington","8/2/2024","Kamala Harris",48.10055,50.49074,"no"
"Washington","8/2/2024","Donald Trump",34.25542,34.82218,"no"
"Washington","8/2/2024","Convention Bounce for Donald Trump",43.47585,46.59109,"no"
"Wisconsin","8/2/2024","Robert F. Kennedy",3.858694,3.891759,"yes"
"Wisconsin","8/2/2024","Convention Bounce for Donald Trump",47.38105,46.95487,"yes"
"Wisconsin","8/2/2024","Kamala Harris",45.5444,46.02861,"yes"
"Wisconsin","8/2/2024","Donald Trump",45.10947,44.83355,"yes"
"Arizona","8/3/2024","Robert F. Kennedy",4.354929,4.476569,"yes"
"Arizona","8/3/2024","Donald Trump",46.68249,46.41613,"yes"
"Arizona","8/3/2024","Kamala Harris",43.49922,43.95466,"yes"
"Arizona","8/3/2024","Convention Bounce for Donald Trump",47.22076,46.76978,"yes"
"Arizona","8/4/2024","Robert F. Kennedy",4.347607,4.298193,"yes"
"Arizona","8/4/2024","Convention Bounce for Donald Trump",47.26749,46.61292,"yes"
"Arizona","8/4/2024","Donald Trump",46.73317,46.46581,"yes"
"Arizona","8/4/2024","Kamala Harris",43.45163,44.09264,"yes"
"Florida","8/3/2024","Convention Bounce for Donald Trump",45.85909,46.54752,"yes"
"Florida","8/3/2024","Robert F. Kennedy",4.95354,5.081308,"yes"
"Florida","8/3/2024","Donald Trump",45.90089,45.64315,"yes"
"Florida","8/3/2024","Kamala Harris",38.37018,39.49156,"yes"
"Florida","8/4/2024","Donald Trump",45.93094,45.71321,"yes"
"Florida","8/4/2024","Robert F. Kennedy",4.940784,4.860151,"yes"
"Florida","8/4/2024","Kamala Harris",38.30928,39.66282,"yes"
"Florida","8/4/2024","Convention Bounce for Donald Trump",45.90602,46.35083,"yes"
"Georgia","8/3/2024","Donald Trump",46.56522,46.3583,"yes"
"Georgia","8/3/2024","Convention Bounce for Donald Trump",46.83727,46.5841,"yes"
"Georgia","8/3/2024","Robert F. Kennedy",3.868916,3.741593,"yes"
"Georgia","8/3/2024","Kamala Harris",44.33562,44.85296,"yes"
"Georgia","8/4/2024","Convention Bounce for Donald Trump",46.88405,46.46475,"yes"
"Georgia","8/4/2024","Donald Trump",46.61558,46.41501,"yes"
"Georgia","8/4/2024","Kamala Harris",44.28779,44.97046,"yes"
"Georgia","8/4/2024","Robert F. Kennedy",3.861003,3.600594,"yes"
"Maine","8/3/2024","Robert F. Kennedy",4.005955,4.132582,"no"
"Maine","8/3/2024","Kamala Harris",47.96737,48.20246,"no"
"Maine","8/3/2024","Convention Bounce for Donald Trump",47.63324,47.2708,"no"
"Maine","8/3/2024","Donald Trump",40.01897,39.83324,"no"
"Maine","8/4/2024","Donald Trump",40.05582,39.86907,"no"
"Maine","8/4/2024","Robert F. Kennedy",3.996955,4.046183,"no"
"Maine","8/4/2024","Kamala Harris",47.90973,48.29282,"no"
"Maine","8/4/2024","Convention Bounce for Donald Trump",47.68105,47.13952,"no"
"Michigan","8/3/2024","Convention Bounce for Donald Trump",47.56137,46.98562,"yes"
"Michigan","8/3/2024","Kamala Harris",44.6992,45.21129,"yes"
"Michigan","8/3/2024","Donald Trump",43.19533,42.86047,"yes"
"Michigan","8/3/2024","Robert F. Kennedy",5.659686,5.72715,"yes"
"Michigan","8/4/2024","Kamala Harris",44.64481,45.34234,"yes"
"Michigan","8/4/2024","Donald Trump",43.23724,42.92168,"yes"
"Michigan","8/4/2024","Convention Bounce for Donald Trump",47.60838,46.83077,"yes"
"Michigan","8/4/2024","Robert F. Kennedy",5.651303,5.571454,"yes"
"Minnesota","8/3/2024","Robert F. Kennedy",5.902423,5.996329,"yes"
"Minnesota","8/3/2024","Donald Trump",39.55459,39.21393,"yes"
"Minnesota","8/3/2024","Kamala Harris",46.98098,47.43742,"yes"
"Minnesota","8/3/2024","Convention Bounce for Donald Trump",47.90165,47.29026,"yes"
"Minnesota","8/4/2024","Kamala Harris",46.93313,47.57904,"yes"
"Minnesota","8/4/2024","Donald Trump",39.60412,39.28488,"yes"
"Minnesota","8/4/2024","Robert F. Kennedy",5.893402,5.80623,"yes"
"Minnesota","8/4/2024","Convention Bounce for Donald Trump",47.9493,47.13044,"yes"
"National","8/3/2024","Robert F. Kennedy",5.177078,5.234208,"yes"
"National","8/3/2024","Convention Bounce for Donald Trump",46.92932,46.57471,"yes"
"National","8/3/2024","Kamala Harris",44.8013,45.11051,"yes"
"National","8/3/2024","Donald Trump",44.10844,43.95774,"yes"
"National","8/4/2024","Donald Trump",44.23398,44.12701,"yes"
"National","8/4/2024","Kamala Harris",45.14543,45.52784,"yes"
"National","8/4/2024","Convention Bounce for Donald Trump",46.59148,46.18167,"yes"
"National","8/4/2024","Robert F. Kennedy",4.9899,4.971672,"yes"
"Nevada","8/3/2024","Kamala Harris",41.69328,42.72421,"yes"
"Nevada","8/3/2024","Robert F. Kennedy",5.44285,5.603062,"yes"
"Nevada","8/3/2024","Convention Bounce for Donald Trump",45.78128,46.40894,"yes"
"Nevada","8/3/2024","Donald Trump",44.2341,43.98257,"yes"
"Nevada","8/4/2024","Kamala Harris",41.62953,42.89481,"yes"
"Nevada","8/4/2024","Donald Trump",44.2616,44.03923,"yes"
"Nevada","8/4/2024","Robert F. Kennedy",5.433559,5.44166,"yes"
"Nevada","8/4/2024","Convention Bounce for Donald Trump",45.82748,46.2042,"yes"
"New Hampshire","8/3/2024","Donald Trump",43.22504,42.96783,"yes"
"New Hampshire","8/3/2024","Robert F. Kennedy",5.714704,5.742696,"yes"
"New Hampshire","8/3/2024","Kamala Harris",48.26686,48.71469,"yes"
"New Hampshire","8/3/2024","Convention Bounce for Donald Trump",47.31132,47.012,"yes"
"New Hampshire","8/4/2024","Robert F. Kennedy",5.706997,5.637474,"yes"
"New Hampshire","8/4/2024","Convention Bounce for Donald Trump",47.35921,46.87917,"yes"
"New Hampshire","8/4/2024","Donald Trump",43.26056,42.99894,"yes"
"New Hampshire","8/4/2024","Kamala Harris",48.20577,48.81406,"yes"
"North Carolina","8/3/2024","Kamala Harris",44.04674,44.72287,"yes"
"North Carolina","8/3/2024","Donald Trump",47.05321,46.67447,"yes"
"North Carolina","8/3/2024","Robert F. Kennedy",3.441033,3.535737,"yes"
"North Carolina","8/3/2024","Convention Bounce for Donald Trump",48.13462,47.60928,"yes"
"North Carolina","8/4/2024","Kamala Harris",43.98944,44.85749,"yes"
"North Carolina","8/4/2024","Robert F. Kennedy",3.433464,3.412182,"yes"
"North Carolina","8/4/2024","Convention Bounce for Donald Trump",48.18008,47.45068,"yes"
"North Carolina","8/4/2024","Donald Trump",47.09065,46.74088,"yes"
"Ohio","8/3/2024","Convention Bounce for Donald Trump",46.92521,46.72434,"no"
"Ohio","8/3/2024","Donald Trump",48.01494,47.89555,"no"
"Ohio","8/3/2024","Robert F. Kennedy",8.96833,9.109579,"no"
"Ohio","8/3/2024","Kamala Harris",38.98266,39.15115,"no"
"Ohio","8/4/2024","Robert F. Kennedy",8.956262,9.023956,"no"
"Ohio","8/4/2024","Kamala Harris",38.92677,39.21708,"no"
"Ohio","8/4/2024","Donald Trump",48.05266,47.91074,"no"
"Ohio","8/4/2024","Convention Bounce for Donald Trump",46.97295,46.61046,"no"
"Oregon","8/3/2024","Robert F. Kennedy",6.971457,7.11085,"no"
"Oregon","8/3/2024","Donald Trump",40.01457,39.854,"no"
"Oregon","8/3/2024","Kamala Harris",44.98222,45.20514,"no"
"Oregon","8/3/2024","Convention Bounce for Donald Trump",47.16331,46.8851,"no"
"Oregon","8/4/2024","Donald Trump",40.05137,39.87347,"no"
"Oregon","8/4/2024","Robert F. Kennedy",6.960581,7.01111,"no"
"Oregon","8/4/2024","Kamala Harris",44.9249,45.30305,"no"
"Oregon","8/4/2024","Convention Bounce for Donald Trump",47.21107,46.73693,"no"
"Pennsylvania","8/3/2024","Robert F. Kennedy",3.866,3.894431,"yes"
"Pennsylvania","8/3/2024","Kamala Harris",44.97839,45.40069,"yes"
"Pennsylvania","8/3/2024","Convention Bounce for Donald Trump",47.17495,46.76228,"yes"
"Pennsylvania","8/3/2024","Donald Trump",45.1396,44.91775,"yes"
"Pennsylvania","8/4/2024","Robert F. Kennedy",3.858672,3.763132,"yes"
"Pennsylvania","8/4/2024","Convention Bounce for Donald Trump",47.22222,46.63179,"yes"
"Pennsylvania","8/4/2024","Kamala Harris",44.92883,45.51855,"yes"
"Pennsylvania","8/4/2024","Donald Trump",45.18835,44.97122,"yes"
"Virginia","8/3/2024","Convention Bounce for Donald Trump",40.02143,44.92388,"yes"
"Virginia","8/3/2024","Robert F. Kennedy",7.257332,5.949351,"yes"
"Virginia","8/3/2024","Kamala Harris",42.51933,45.60242,"yes"
"Virginia","8/3/2024","Donald Trump",41.71525,41.93295,"yes"
"Virginia","8/4/2024","Convention Bounce for Donald Trump",40.0679,44.67184,"yes"
"Virginia","8/4/2024","Kamala Harris",42.43208,45.87785,"yes"
"Virginia","8/4/2024","Donald Trump",41.71492,42.0732,"yes"
"Virginia","8/4/2024","Robert F. Kennedy",7.245992,5.746186,"yes"
"Washington","8/3/2024","Robert F. Kennedy",6.000708,6.172116,"no"
"Washington","8/3/2024","Donald Trump",34.50872,34.92967,"no"
"Washington","8/3/2024","Convention Bounce for Donald Trump",43.4763,46.58961,"no"
"Washington","8/3/2024","Kamala Harris",48.42287,50.65576,"no"
"Washington","8/4/2024","Kamala Harris",48.30686,50.85007,"no"
"Washington","8/4/2024","Donald Trump",34.47693,34.97323,"no"
"Washington","8/4/2024","Convention Bounce for Donald Trump",43.52388,46.34921,"no"
"Washington","8/4/2024","Robert F. Kennedy",5.99039,6.052463,"no"
"Wisconsin","8/3/2024","Donald Trump",45.18764,44.90639,"yes"
"Wisconsin","8/3/2024","Convention Bounce for Donald Trump",47.38144,46.95557,"yes"
"Wisconsin","8/3/2024","Kamala Harris",45.63611,46.11176,"yes"
"Wisconsin","8/3/2024","Robert F. Kennedy",3.858694,3.891759,"yes"
"Wisconsin","8/4/2024","Kamala Harris",45.57981,46.22789,"yes"
"Wisconsin","8/4/2024","Convention Bounce for Donald Trump",47.42834,46.81533,"yes"
"Wisconsin","8/4/2024","Robert F. Kennedy",3.851787,3.770334,"yes"
"Wisconsin","8/4/2024","Donald Trump",45.22763,44.96282,"yes"
"Arizona","8/5/2024","Kamala Harris",43.31069,44.09581,"yes"
"Arizona","8/5/2024","Robert F. Kennedy",4.375859,4.397729,"yes"
"Arizona","8/5/2024","Convention Bounce for Donald Trump",47.29355,46.28415,"yes"
"Arizona","8/5/2024","Donald Trump",46.65224,46.25306,"yes"
"Florida","8/5/2024","Convention Bounce for Donald Trump",45.92498,45.95013,"yes"
"Florida","8/5/2024","Donald Trump",45.75485,45.41259,"yes"
"Florida","8/5/2024","Robert F. Kennedy",4.970742,4.980721,"yes"
"Florida","8/5/2024","Kamala Harris",38.04079,39.58857,"yes"
"Georgia","8/5/2024","Robert F. Kennedy",3.887417,3.686457,"yes"
"Georgia","8/5/2024","Kamala Harris",44.1624,44.96661,"yes"
"Georgia","8/5/2024","Donald Trump",46.5494,46.23282,"yes"
"Georgia","8/5/2024","Convention Bounce for Donald Trump",46.90977,46.20398,"yes"
"Maine","8/5/2024","Donald Trump",40.07652,39.8115,"no"
"Maine","8/5/2024","Kamala Harris",47.9004,48.4008,"no"
"Maine","8/5/2024","Convention Bounce for Donald Trump",47.70116,46.86768,"no"
"Maine","8/5/2024","Robert F. Kennedy",4.021979,4.099994,"no"
"Michigan","8/5/2024","Donald Trump",43.20483,42.76335,"yes"
"Michigan","8/5/2024","Robert F. Kennedy",5.68172,5.668237,"yes"
"Michigan","8/5/2024","Kamala Harris",44.56789,45.3906,"yes"
"Michigan","8/5/2024","Convention Bounce for Donald Trump",47.63271,46.50854,"yes"
"Minnesota","8/5/2024","Kamala Harris",46.7614,47.52864,"yes"
"Minnesota","8/5/2024","Robert F. Kennedy",5.924575,5.919124,"yes"
"Minnesota","8/5/2024","Convention Bounce for Donald Trump",47.96849,46.8146,"yes"
"Minnesota","8/5/2024","Donald Trump",39.50518,39.07137,"yes"
"National","8/5/2024","Convention Bounce for Donald Trump",46.01704,45.48498,"yes"
"National","8/5/2024","Kamala Harris",45.24371,45.65317,"yes"
"National","8/5/2024","Donald Trump",43.96625,43.81287,"yes"
"National","8/5/2024","Robert F. Kennedy",5.206874,5.21009,"yes"
"Nevada","8/5/2024","Robert F. Kennedy",5.463776,5.533179,"yes"
"Nevada","8/5/2024","Kamala Harris",41.41859,42.89065,"yes"
"Nevada","8/5/2024","Donald Trump",44.13768,43.79068,"yes"
"Nevada","8/5/2024","Convention Bounce for Donald Trump",45.8565,45.79586,"yes"
"New Hampshire","8/5/2024","Convention Bounce for Donald Trump",47.379,46.56462,"yes"
"New Hampshire","8/5/2024","Robert F. Kennedy",5.737625,5.702746,"yes"
"New Hampshire","8/5/2024","Kamala Harris",48.1932,48.93612,"yes"
"New Hampshire","8/5/2024","Donald Trump",43.27938,42.92207,"yes"
"North Carolina","8/5/2024","Convention Bounce for Donald Trump",48.21106,47.12626,"yes"
"North Carolina","8/5/2024","Donald Trump",47.11489,46.64298,"yes"
"North Carolina","8/5/2024","Kamala Harris",43.9722,44.97869,"yes"
"North Carolina","8/5/2024","Robert F. Kennedy",3.459533,3.486674,"yes"
"Ohio","8/5/2024","Donald Trump",48.07372,47.84426,"no"
"Ohio","8/5/2024","Convention Bounce for Donald Trump",46.99289,46.3222,"no"
"Ohio","8/5/2024","Robert F. Kennedy",8.989934,9.084291,"no"
"Ohio","8/5/2024","Kamala Harris",38.918,39.33551,"no"
"Oregon","8/5/2024","Convention Bounce for Donald Trump",47.23101,46.46074,"no"
"Oregon","8/5/2024","Robert F. Kennedy",6.990929,7.07381,"no"
"Oregon","8/5/2024","Kamala Harris",44.9159,45.41142,"no"
"Oregon","8/5/2024","Donald Trump",40.07192,39.82639,"no"
"Pennsylvania","8/5/2024","Robert F. Kennedy",3.908289,3.873194,"yes"
"Pennsylvania","8/5/2024","Convention Bounce for Donald Trump",46.89808,46.08768,"yes"
"Pennsylvania","8/5/2024","Kamala Harris",44.99405,45.61835,"yes"
"Pennsylvania","8/5/2024","Donald Trump",44.91938,44.61817,"yes"
"Virginia","8/5/2024","Convention Bounce for Donald Trump",40.08672,44.18254,"yes"
"Virginia","8/5/2024","Kamala Harris",42.27211,46.06015,"yes"
"Virginia","8/5/2024","Donald Trump",41.63314,41.89083,"yes"
"Virginia","8/5/2024","Robert F. Kennedy",7.277452,5.876664,"yes"
"Washington","8/5/2024","Kamala Harris",48.02008,50.85934,"no"
"Washington","8/5/2024","Convention Bounce for Donald Trump",43.54323,45.9121,"no"
"Washington","8/5/2024","Donald Trump",34.32578,34.75281,"no"
"Washington","8/5/2024","Robert F. Kennedy",6.019117,6.119196,"no"
"Wisconsin","8/5/2024","Kamala Harris",45.47436,46.24326,"yes"
"Wisconsin","8/5/2024","Robert F. Kennedy",3.879005,3.849274,"yes"
"Wisconsin","8/5/2024","Convention Bounce for Donald Trump",47.45429,46.51437,"yes"
"Wisconsin","8/5/2024","Donald Trump",45.18359,44.80264,"yes"
